station, date, mean_temp, max_temp, max_temp_time, min_temp, min_temp_time, vapor_press, max_rh, max_rh_time,min_rh, min_rh_time, solar_rad, wind_run, precip, max_soil_temp_5, max_soil_temp_5_time, min_soil_temp_5, min_soil_temp_5_time, max_soil_temp_15, max_soil_temp_15_time, min_soil_temp_15, min_soil_temp_15_time, voltage, year, max_wind, max_wind_time, max_wind_dir, et_asce, et_pk, sum_et_asce
variableTypes, 01-01-1001, 99.99, 99.99, 23:59:59, 99.99, 23:59:59, 99.99, 99.99, 23:59:59, 99.99, 23:59:59, 99.99, 99.99, 99.99, 99.99, 23:59:59, 99.99, 23:59:59,99.99, 23:59:59, 99.99, 23:59:59, 99.99, 1000L, 99.99, 23:59:59, 999.999, 99.99, 99.99, 99.99
hot02,2019-03-19,7.88,13.56,17:37:20,-1.472,23:20:00,0.277,0.479,23:26:40,0.164,17:58:50,369.6,78.34,0,13.58,16:04:10,4.342,00:00:00,8.96,18:58:30,6.181,13:48:30,12.57,2019,8.63,16:11:00,227.7,,,
hot02,2019-03-20,3.932,15.63,17:34:40,-4.966,06:28:10,0.249,0.592,07:46:50,0.081,18:12:30,385.2,170.2,0,13.16,16:18:10,1.083,08:56:50,8.65,19:12:20,3.464,11:00:20,12.57,2019,6.742,11:09:00,264.8,,,
hot02,2019-03-21,3.047,14.11,14:01:40,-1.476,06:33:00,0.434,0.954,17:13:50,0.246,13:23:40,132.1,236.3,3.81,8.29,15:17:40,1.698,08:41:40,6.811,00:00:10,3.834,10:36:00,12.53,2019,17.65,15:09:00,267,,,
hot02,2019-03-22,1.306,6.617,14:41:40,-1.146,23:33:30,0.591,0.979,07:08:20,0.562,14:59:20,158.2,136.5,4.826,7.797,15:19:30,1.71,08:49:10,5.31,19:06:00,3.133,10:42:00,12.54,2019,7.811,15:40:00,270.8,,,
hot02,2019-03-23,3.733,10.43,16:54:10,-0.555,05:06:10,0.605,0.98,06:35:40,0.432,16:57:30,296.4,157.5,1.27,11.1,14:44:00,1.586,07:37:50,7.412,19:04:10,2.963,09:21:50,12.59,2019,5.841,13:19:00,256.7,,,
hot02,2019-03-24,4.49,11.76,16:11:40,-0.154,06:54:40,0.631,0.959,09:21:00,0.458,15:39:50,250.8,180.5,3.556,11.79,16:22:50,2.384,07:49:20,7.869,19:06:40,3.996,10:12:20,12.57,2019,6.478,17:36:00,1.184,,,
hot02,2019-03-25,6.422,16.46,17:25:00,-1.083,06:11:30,0.492,0.896,04:46:10,0.052,15:24:20,389.3,154.9,0,13.71,16:11:20,2.356,08:26:20,9.64,19:11:40,4.26,09:31:30,12.58,2019,5.282,22:35:00,68.91,,,
hot02,2019-03-26,9.55,20.03,16:11:30,-1.74,07:20:30,0.399,0.668,07:21:20,0.131,14:59:20,343.3,195.5,0,14.49,16:02:20,2.216,08:57:20,9.99,19:09:30,4.561,10:02:20,12.59,2019,9.74,18:57:00,214.4,,,
hot02,2019-03-27,12.14,20.64,14:09:30,2.674,06:56:40,0.471,0.633,06:57:10,0.167,14:11:40,297.9,181.4,0,16.27,15:04:10,4.465,08:07:20,11.26,18:19:00,6.297,09:36:50,12.6,2019,6.419,14:35:00,280.8,,,
hot02,2019-03-28,11.85,20.3,16:07:40,2.805,05:50:40,0.416,0.648,05:20:50,0.123,14:16:30,381.6,274.4,0,16.89,16:07:00,5.22,07:48:20,12.15,18:43:00,7.153,09:38:50,12.57,2019,11.22,16:05:00,246.8,,,
hot02,2019-03-29,5.747,10.06,04:53:50,0.171,23:50:30,0.408,0.753,19:36:30,0.256,01:57:40,151.6,256.4,0.254,8.9,00:00:10,4.441,00:00:00,10.45,00:00:10,6.786,00:00:00,12.56,2019,11.67,19:32:00,338.2,,,
hot02,2019-03-30,3.257,10.93,16:37:00,-3.646,03:26:20,0.436,0.857,03:27:30,0.2,17:51:30,370.9,166.1,0,14.71,16:07:40,2.449,04:50:50,9.99,18:52:40,4.677,09:33:20,12.56,2019,6.537,14:50:00,216.3,,,
hot02,2019-03-31,1.992,9.57,18:15:20,-3.712,07:12:20,0.46,0.919,11:16:10,0.379,18:16:20,230.8,139.7,0,10.12,16:32:20,2.258,08:09:50,8.18,00:00:10,4.835,10:33:30,12.56,2019,5.566,13:54:00,249.9,,,
hot02,2019-04-01,5.793,14.11,16:04:20,-3.187,05:26:20,0.426,0.832,05:27:30,0.22,16:04:50,400.5,207.5,0,14.46,16:05:40,1.57,08:26:20,9.69,18:56:10,4.072,09:42:30,12.57,2019,7.869,14:42:00,201.7,,,
hot02,2019-04-02,9.5,16.84,14:15:10,2.213,06:41:00,0.498,0.705,06:18:00,0.199,14:22:20,286.4,209.4,0,15.38,14:38:30,4.887,08:10:50,10.73,17:42:20,6.453,09:29:30,12.58,2019,10.63,17:20:00,271,,,
hot02,2019-04-03,7.502,14.54,14:51:50,2.145,23:35:50,0.63,0.864,23:36:40,0.313,14:56:00,318.4,231.4,0,16.15,15:10:50,6.214,07:47:50,11.2,18:43:20,7.386,10:01:30,12.58,2019,10.9,15:26:00,240.1,,,
hot02,2019-04-04,9.5,18.61,17:45:00,1.221,05:20:40,0.564,0.855,04:04:00,0.226,17:40:10,398.9,189.8,0,17.8,16:08:30,-132.2,11:52:10,12.52,19:00:20,-142.9,11:52:10,12.59,2019,7.419,15:52:00,243,,,
hot02,2019-04-05,11,19.37,16:43:20,2.274,07:10:00,0.461,0.693,06:57:40,0.154,16:46:30,386.6,233.4,0,18.94,15:56:40,6.139,08:00:10,13.19,18:08:00,8.16,09:29:40,12.58,2019,8.39,13:42:00,250.4,,,
hot02,2019-04-06,10.21,18.32,15:25:00,1.091,06:19:50,0.531,0.675,06:20:00,0.255,10:37:00,357.5,223.9,0,17.55,16:00:20,6.004,07:15:30,12.85,18:37:30,8.24,09:28:50,12.6,2019,8.13,14:48:00,268.1,,,
hot02,2019-04-07,10.09,19.05,18:11:30,0.958,06:26:00,0.558,0.856,06:01:10,0.189,16:59:10,400.2,197.5,0,18.57,14:17:50,6.278,07:45:10,13.49,18:22:20,8.58,09:35:10,12.59,2019,7.458,16:34:00,268.3,,,
hot02,2019-04-08,11.81,22.46,16:48:10,2.014,06:38:20,0.489,0.621,04:22:50,0.175,16:21:40,426.1,224.2,0.508,20.39,15:51:20,6.139,07:42:10,14.44,18:33:50,8.54,09:31:10,12.57,2019,6.889,17:36:00,285.6,,,
hot02,2019-04-09,13.36,21.08,13:50:10,5.433,04:12:10,0.505,0.571,08:24:10,0.162,15:46:00,199.6,205.8,0,15.91,14:30:20,8.24,07:42:00,12.66,16:56:00,9.82,09:46:50,12.6,2019,9.19,15:26:00,211.7,,,
hot02,2019-04-10,4.34,6.89,15:23:50,1.42,23:45:10,0.562,0.79,13:51:40,0.517,23:10:30,192.8,164.2,0,10.56,15:47:50,5.967,00:00:00,10.21,16:49:40,8.58,00:00:00,12.57,2019,9.9,18:07:00,261.7,,,
hot02,2019-04-11,2.699,9.33,17:03:50,-1.215,07:04:20,0.353,0.677,00:00:00,0.214,16:54:40,266.8,274.4,0,10.68,17:19:20,3.715,08:09:20,8.84,18:35:50,6.462,10:00:30,12.58,2019,9.75,19:03:00,252.4,,,
hot02,2019-04-12,4.196,12.23,18:14:20,-2.463,06:59:00,0.389,0.837,04:43:10,0.18,18:29:40,431.1,160.3,0,17.28,15:57:30,3.415,08:03:10,11.44,18:10:00,5.966,09:13:30,12.56,2019,6.948,15:07:00,348.4,,,
hot02,2019-04-13,4.296,11.55,17:07:40,-0.683,00:48:00,0.457,0.911,06:50:20,0.279,17:26:00,397.5,200,0,17.06,14:58:50,4.945,07:47:00,11.67,17:13:00,6.939,09:33:30,12.56,2019,8.45,13:47:00,254.3,,,
hot02,2019-04-14,7.804,17.93,16:33:10,-2.593,05:06:30,0.411,0.713,05:08:20,0.184,17:07:00,339.3,188.1,0,17.29,15:58:50,3.532,07:55:50,11.62,19:02:10,6.411,09:17:40,12.59,2019,6.958,14:08:00,284.4,,,
hot02,2019-04-15,12.11,20,14:56:10,2.539,06:26:30,0.436,0.649,05:40:10,0.112,17:21:50,354.5,259.9,0,18.17,14:03:00,6.517,07:41:40,13.1,18:04:30,8.29,09:08:50,12.59,2019,11.19,15:35:00,248.6,,,
hot02,2019-04-16,12.36,16.49,16:13:10,6.949,23:53:50,0.502,0.543,23:54:00,0.249,14:55:50,173.7,221,0,14.19,16:35:00,9.08,06:49:00,11.99,19:01:30,9.99,09:08:00,12.6,2019,10.05,11:03:00,241.6,,,
hot02,2019-04-17,10.7,19.88,16:51:10,4.381,03:52:30,0.556,0.735,06:50:50,0.172,19:03:20,394.8,224.4,0,20.72,15:13:40,7.724,07:05:40,14.41,17:48:10,9.15,09:03:40,12.58,2019,9.83,16:54:00,314,,,
hot02,2019-04-18,10.68,19.3,17:11:00,1.554,06:45:20,0.464,0.607,04:24:50,0.198,17:34:00,469.6,192.9,0,22.85,15:37:00,6.778,07:33:40,15.56,17:49:00,9.3,09:12:00,12.58,2019,7.811,15:09:00,223.8,,,
hot02,2019-04-19,13.07,25.04,16:49:50,1.488,06:37:50,0.477,0.666,06:38:20,0.113,16:57:00,476,163.5,0,24.45,15:42:00,7.86,07:31:20,16.89,18:14:50,10.22,09:20:20,12.6,2019,5.782,21:09:00,59.99,,,
hot02,2019-04-20,13,23.97,11:59:50,4.316,06:33:50,0.526,0.629,23:26:30,0.127,12:12:30,236.7,226.2,0,19.82,12:33:30,9.5,07:01:30,15.1,15:53:10,11.54,09:16:10,12.54,2019,11.86,14:03:00,250.6,,,
hot02,2019-04-21,11.67,21.42,18:02:30,4.577,02:25:30,0.628,0.743,06:58:10,0.182,18:01:30,331.6,168.4,0.254,21.93,14:10:10,9.76,06:19:10,15.32,16:43:20,11.23,09:28:10,12.59,2019,9.53,06:07:00,92.7,,,
hot02,2019-04-22,12.27,23.16,15:30:40,2.347,05:48:10,0.511,0.654,05:48:20,0.098,14:35:40,425.1,227,0,24.35,15:28:50,8.5,07:33:00,17.22,16:54:10,10.76,09:18:00,12.56,2019,10.47,16:15:00,243.9,,,
hot02,2019-04-23,13.05,22.73,17:25:00,3.592,03:40:10,0.587,0.69,05:45:00,0.172,17:32:40,453,204.9,0,25.53,14:39:50,10.28,06:34:40,18.39,17:00:30,12.25,08:21:20,12.56,2019,7.409,13:41:00,277.4,,,
hot02,2019-04-24,12.86,23.17,16:01:20,2.539,05:42:40,0.617,0.704,05:43:00,0.211,16:01:50,395.4,174.8,0,23.44,15:01:20,10.65,06:23:30,17.95,17:37:30,12.81,08:49:50,12.58,2019,6.066,13:38:00,262.9,,,
hot02,2019-04-25,14.77,24.5,15:45:40,4.646,05:20:40,0.563,0.721,05:21:00,0.078,15:30:00,487.3,183.3,0.508,26.96,14:43:00,11.45,06:29:00,19.64,17:06:10,13.33,08:20:50,12.57,2019,7.007,14:58:00,261.7,,,
hot02,2019-04-26,13.07,23.31,12:43:40,6.354,04:48:40,0.733,0.848,23:46:50,0.241,12:49:20,260.1,213.4,0,23.68,13:23:50,12.67,06:16:00,18.01,16:03:10,14.28,08:28:50,12.55,2019,14.53,14:26:00,217.3,,,
hot02,2019-04-27,14.73,23.11,16:38:40,5.694,05:27:00,0.796,0.902,05:29:30,0.173,16:14:10,440.8,219.1,0.762,26.19,13:48:00,12.15,06:34:50,19.56,16:50:50,13.84,08:22:20,12.57,2019,10.96,16:26:00,288,,,
hot02,2019-04-28,13.21,21.41,11:36:40,8.52,00:19:10,0.854,0.82,00:17:50,0.276,11:27:20,216.2,226.9,0.254,20.32,12:02:10,13.33,06:36:10,17.39,00:00:10,14.7,09:10:10,12.55,2019,14.96,14:27:00,308,,,
hot02,2019-04-29,9.28,16.61,09:40:10,6.351,22:10:00,0.901,1.003,13:53:50,0.468,09:46:20,123,220.4,22.1,15.14,10:30:30,10.66,23:59:50,15.09,00:00:20,12.39,00:00:00,12.53,2019,7.272,12:32:00,205.1,,,
hot02,2019-04-30,7.534,12.67,16:21:50,4.053,03:28:40,0.826,0.936,00:40:40,0.562,16:23:00,230.8,202,11.68,13.85,16:08:20,9.03,06:26:00,12.7,18:17:50,10.63,09:44:30,12.59,2019,12.21,17:07:00,139.2,,,
hot02,2019-05-01,6.796,13.46,17:24:50,2.473,22:59:50,0.671,0.898,02:59:00,0.352,17:34:40,308.6,202.5,0.762,13.74,15:29:30,8.97,00:00:00,12.49,18:00:30,10.33,09:05:00,12.56,2019,8.46,01:28:00,264.2,,,
hot02,2019-05-02,7.946,16.15,16:22:40,-0.618,05:14:20,0.549,0.895,05:15:30,0.266,18:35:40,461.4,183.5,0,18.3,14:37:20,6.524,06:44:30,13.86,17:32:40,8.77,08:41:30,12.55,2019,7.203,18:19:00,328.3,,,
hot02,2019-05-03,13.45,19.88,16:47:20,5.235,23:57:10,0.495,0.581,23:56:50,0.165,15:04:00,625.8,110.2,0,19.04,14:39:40,10.94,00:00:00,14.49,17:46:00,9.68,10:21:00,12.56,2019,6.252,11:37:00,234.1,,,
hot02,2019-05-04,12.27,21.29,15:56:30,1.356,05:05:20,0.544,0.724,05:05:10,0.18,16:40:20,466.7,191.5,0,19.48,14:49:00,8.05,06:28:50,15.04,17:43:50,10.16,08:40:10,12.57,2019,8.3,12:49:00,261.4,,,
hot02,2019-05-05,13.01,21.97,14:05:00,3.529,04:56:50,0.633,0.707,04:56:50,0.193,13:02:50,432.1,226.9,0,21.38,14:28:00,9.4,06:13:40,16.1,16:04:50,11.24,08:40:20,12.57,2019,11.53,15:24:00,205.9,,,
hot02,2019-05-06,18.44,23.84,14:25:30,11.62,23:59:40,0.704,0.56,21:49:30,0.158,13:38:20,491.4,107.1,0,21.32,14:40:20,13.53,10:05:20,16.71,17:18:30,12.17,10:05:20,12.59,2019,8.2,13:31:00,250.2,,,
hot02,2019-05-07,14.69,21.59,14:12:30,5.828,00:00:00,0.596,0.683,04:52:40,0.159,10:15:30,435.8,211.5,0,23.35,14:35:40,12.18,06:55:40,18.01,16:07:00,13.32,08:29:30,12.57,2019,13.93,16:16:00,186.7,,,
hot02,2019-05-08,7.736,11.45,07:45:10,5.369,00:42:20,0.791,0.94,22:52:10,0.519,07:42:30,154.2,183.8,1.27,14.48,12:32:30,11.09,00:00:00,15.65,00:00:10,12.62,00:00:00,12.55,2019,9.33,08:45:00,248.5,,,
hot02,2019-05-09,8.46,14.7,16:01:10,5.237,23:06:10,0.712,0.929,00:02:00,0.328,15:36:20,360.1,184.6,0,19.1,14:20:30,9.92,06:38:30,15.1,17:09:00,11.38,08:40:50,12.54,2019,8.84,18:20:00,298.9,,,
hot02,2019-05-10,9.01,14.57,09:12:50,3.266,23:32:30,0.754,0.886,03:21:00,0.406,10:26:20,302.4,159.9,0,16.56,14:09:40,10.06,06:45:50,14.42,16:54:00,11.52,08:16:20,12.55,2019,6.703,12:51:00,278.9,,,
hot02,2019-05-11,10.06,19.18,15:49:20,0.503,01:47:00,0.634,0.918,01:57:40,0.231,15:54:50,477,199.8,0,21.79,14:11:10,7.91,06:09:20,16.55,17:54:40,10.42,08:13:00,12.57,2019,9.75,14:12:00,325.9,,,
hot02,2019-05-12,13.46,22.2,15:51:50,3.656,05:19:40,0.62,0.743,05:20:30,0.184,16:19:30,512,200.8,0,24.66,14:43:10,10.39,06:31:00,18.58,17:35:20,12.19,08:18:10,12.57,2019,7.918,13:31:00,254.9,,,
hot02,2019-05-13,15.9,25.47,14:31:50,5.233,05:04:30,0.604,0.663,05:04:40,0.102,15:21:40,525.6,206.2,0,26.86,14:40:20,11.71,06:26:00,20.17,17:40:50,13.53,08:25:30,12.58,2019,7.272,14:59:00,286.5,,,
hot02,2019-05-14,17.36,27.72,15:52:50,6.88,04:17:00,0.649,0.626,05:38:30,0.123,12:46:30,501.2,204.9,0,28.04,14:40:50,13.24,06:26:50,21.55,17:24:30,14.95,08:23:20,12.6,2019,14,18:07:00,197.7,,,
hot02,2019-05-15,17.64,27.03,12:57:10,7.274,04:56:00,0.786,0.683,04:55:40,0.169,11:26:40,427.8,224.3,0,28.82,13:58:00,14.81,06:49:50,21.97,16:01:50,16.29,08:25:50,12.58,2019,9.36,14:11:00,265.8,,,
hot02,2019-05-16,18.44,25.67,11:45:00,10.17,04:20:20,0.742,0.667,04:09:30,0.164,16:46:40,319.3,247.4,0,25.14,12:41:20,15.75,06:34:30,20.9,16:59:10,17.04,08:18:10,12.59,2019,9.97,18:44:00,194.9,,,
hot02,2019-05-17,9.02,17.73,00:03:50,2.34,11:55:10,0.717,0.927,12:14:00,0.23,00:35:40,243.2,261.4,7.874,18.51,00:00:10,11.77,00:00:00,19.18,00:00:10,14.38,00:00:00,12.56,2019,12.59,04:33:00,257.4,,,
hot02,2019-05-18,5.808,14.24,14:04:00,0.167,05:56:20,0.684,0.971,06:22:30,0.374,14:01:20,415,202.9,10.41,20.7,14:25:50,8.56,06:13:20,16.48,16:03:00,11.58,08:50:10,12.55,2019,7.644,17:58:00,81.1,,,
hot02,2019-05-19,9.74,17.13,13:41:50,1.552,00:48:20,0.652,0.89,00:49:30,0.271,14:44:20,192.5,221.6,0,14.52,14:42:00,8.78,06:05:50,13.72,00:00:10,11.22,08:27:50,12.57,2019,10.64,18:59:00,206.6,,,
hot02,2019-05-20,7.512,12.54,11:17:00,4.38,23:53:10,0.685,0.901,01:59:20,0.345,11:05:20,241.6,186.8,0,13.88,13:11:40,9.39,06:32:50,12.93,17:24:40,11.03,08:18:20,12.54,2019,9.38,13:09:00,201.8,,,
hot02,2019-05-21,6.759,14.84,14:52:30,2.472,05:21:30,0.714,0.936,06:22:40,0.334,14:45:50,309.1,166.4,5.334,17.16,15:17:20,8.64,06:31:30,14,17:12:20,10.32,08:55:40,12.56,2019,10.24,18:49:00,257.8,,,
hot02,2019-05-22,9.43,15.56,15:13:40,3.724,04:41:30,0.72,0.916,02:12:50,0.333,15:10:10,423.1,164.9,0.254,19.08,14:19:40,9.15,06:23:50,15.52,17:27:50,10.75,08:00:50,12.58,2019,9.29,12:06:00,261.8,,,
hot02,2019-05-23,7.256,13.02,10:44:10,3.858,00:00:00,0.775,0.935,11:44:00,0.463,17:04:00,203.9,245.4,6.858,14.11,11:15:50,9.4,00:00:00,13.92,00:00:10,11.29,00:00:00,12.56,2019,13.57,11:23:00,265.9,,,
hot02,2019-05-24,9.56,18.86,15:48:00,1.419,04:55:10,0.643,0.908,01:49:50,0.279,15:42:30,464,169.5,0,19.95,14:42:20,7.374,06:13:20,15.67,17:50:30,9.5,08:07:50,12.58,2019,7.213,13:57:00,295.1,,,
hot02,2019-05-25,13.48,23.65,14:23:00,1.685,04:17:10,0.596,0.83,04:17:40,0.139,12:39:30,554.7,215.6,0,23.39,14:44:10,8.76,06:19:40,18.07,17:46:20,10.92,08:17:40,12.58,2019,10.18,16:24:00,251.8,,,
hot02,2019-05-26,14.55,26.38,12:10:50,5.105,04:27:30,0.618,0.739,23:56:20,0.104,11:26:50,400.2,268.2,0,23.01,13:36:50,10.78,05:57:20,18,15:33:00,12.75,08:19:20,12.57,2019,16.33,13:54:00,210,,,
hot02,2019-05-27,11.34,21.5,13:41:30,3.199,23:58:10,0.646,0.866,23:59:40,0.176,13:49:00,381.4,237.8,0.762,23.24,14:13:30,12.01,06:25:50,18.22,15:30:10,13.28,08:56:10,12.56,2019,14.89,14:44:00,226.6,,,
hot02,2019-05-28,9.23,16.19,13:24:40,3.263,00:01:40,0.713,0.926,05:26:50,0.289,13:25:00,441.5,178.5,0.254,22.22,13:49:50,10.9,06:42:40,17.94,16:51:20,12.79,08:27:10,12.57,2019,7.566,14:05:00,282.1,,,
hot02,2019-05-29,10.97,19.09,14:52:10,4.117,04:55:40,0.773,0.916,04:57:30,0.276,15:01:10,445.5,193.1,0,24.24,14:31:00,11.69,06:20:20,19.11,17:12:00,13.48,08:09:30,12.58,2019,7.811,14:54:00,244.8,,,
hot02,2019-05-30,13.5,24.52,16:50:10,2.672,04:49:00,0.664,0.879,04:45:50,0.159,16:25:20,516.3,168,0,25.47,15:05:00,11.07,06:16:30,20.4,17:56:20,13.39,08:15:00,12.58,2019,6.37,17:54:00,201.3,,,
hot02,2019-05-31,16.39,26.47,16:54:40,3.857,04:44:30,0.687,0.821,04:43:40,0.156,16:02:20,532.5,186.2,0,28.42,14:29:50,12.84,06:19:40,22.12,17:51:30,14.89,08:12:20,12.59,2019,7.869,13:58:00,278.2,,,
hot02,2019-06-01,18.9,29.17,13:43:00,8.39,01:42:50,0.71,0.668,01:41:40,0.113,13:44:50,502.5,184,0,30.53,14:32:20,15.29,06:19:30,23.65,17:25:00,16.76,08:10:40,12.57,2019,8.92,13:10:00,251.2,,,
hot02,2019-06-02,16.89,26.96,10:35:50,9.25,04:45:00,0.783,0.626,23:46:30,0.181,10:36:40,273,246.3,0,23.13,11:38:30,16.22,06:22:20,20.89,00:00:10,17.87,08:12:30,12.58,2019,17.27,09:34:00,258.3,,,
hot02,2019-06-03,17.54,27.34,11:45:10,8.92,04:54:40,0.895,0.736,04:54:40,0.18,11:10:40,422.6,215.3,1.778,26.87,12:28:30,14.84,06:10:30,21.12,16:01:50,16.48,07:32:20,12.6,2019,10.04,13:00:00,133.8,,,
hot02,2019-06-04,16.89,28.05,13:55:20,7.076,05:04:50,0.818,0.743,05:04:40,0.162,13:08:30,469.5,212.8,0,28.42,14:40:20,13.8,06:09:10,22.32,16:13:50,16.04,08:06:10,12.59,2019,11.08,15:34:00,14.1,,,
hot02,2019-06-05,17.66,28.77,14:58:40,8.06,04:40:40,0.865,0.714,00:40:50,0.16,14:58:50,485.6,190.2,2.286,31.34,14:43:10,15.2,06:05:20,24.26,16:38:00,17.09,07:57:40,12.6,2019,9.22,16:21:00,350.9,,,
hot02,2019-06-06,20.21,31.53,16:22:10,9.05,04:13:20,0.877,0.764,04:13:40,0.156,16:22:30,524.4,207.6,0,30.9,14:45:40,15.36,06:14:50,24.57,17:50:10,17.53,08:22:50,12.6,2019,8.04,18:05:00,19.01,,,
hot02,2019-06-07,20.6,29.83,13:25:10,11.35,05:14:10,0.812,0.664,03:01:50,0.156,18:38:10,465,265.6,0,30.81,14:30:30,17.56,06:35:50,24.66,17:43:30,19.1,08:08:20,12.61,2019,11.9,14:26:00,304.9,,,
hot02,2019-06-08,19.9,28.05,14:34:20,9.32,04:58:20,0.733,0.701,04:58:10,0.169,13:54:10,512.9,218.6,0,31,15:05:10,17.69,06:32:30,25.62,17:56:20,19.48,08:12:10,12.6,2019,10,13:49:00,257.6,,,
hot02,2019-06-09,14.85,23.26,16:02:00,6.161,05:06:40,0.473,0.493,05:06:50,0.109,17:31:30,549.2,165.8,0,31.64,14:42:30,16.64,06:26:10,25.45,17:47:40,19.2,08:36:00,12.58,2019,5.253,14:36:00,299.7,,,
hot02,2019-06-10,17.23,27.46,15:02:20,6.816,05:12:40,0.545,0.537,04:27:50,0.14,11:06:00,504.4,190.5,0,30.27,15:20:10,16.76,06:29:50,25.16,18:03:50,19.18,08:33:20,12.59,2019,6.87,15:41:00,289.9,,,
hot02,2019-06-11,18.22,29.26,17:18:00,6.03,04:42:10,0.543,0.534,04:43:10,0.093,13:50:30,552.4,225.5,0,32.95,14:39:20,16.51,06:25:00,26.2,18:13:20,19.1,08:21:00,12.57,2019,8.14,16:35:00,266.9,,,
hot02,2019-06-12,20,30.86,14:52:50,9.05,03:58:50,0.75,0.599,05:40:10,0.148,14:52:40,516.5,163,0,34.41,14:40:10,18.15,06:20:40,27.24,17:57:10,20.29,08:17:40,12.61,2019,4.802,13:22:00,227.6,,,
hot02,2019-06-13,21.2,32.18,14:27:40,10.83,02:34:20,0.823,0.613,02:32:00,0.124,13:59:20,481.5,280,0,34.15,14:19:50,19.56,06:16:50,27.72,17:27:50,21.4,08:20:00,12.6,2019,13.21,13:24:00,286.1,,,
hot02,2019-06-14,21.06,30.67,14:09:40,11.03,05:11:40,0.82,0.714,04:58:10,0.105,14:20:10,402.3,249.5,0,32.74,13:37:10,20.4,06:19:50,27.01,16:52:00,22.07,08:36:10,12.6,2019,9.69,16:59:00,246.6,,,
hot02,2019-06-15,19.26,30.41,16:01:10,9.71,04:55:40,0.844,0.657,04:54:40,0.16,16:02:20,524.2,185.8,0,35.05,14:48:20,19.39,06:17:50,28.03,18:09:00,21.49,08:23:20,12.6,2019,8.5,13:37:00,97.4,,,
hot02,2019-06-16,19.91,29.56,16:35:00,10.1,03:28:50,0.872,0.703,03:25:30,0.163,14:36:10,421.9,207.3,0,32.91,15:04:40,20.51,06:02:20,27.34,17:49:50,22.11,08:37:00,12.6,2019,9.76,18:02:00,286.6,,,
hot02,2019-06-17,16.78,24.28,10:53:10,10.5,04:42:10,1.061,0.822,22:51:20,0.293,13:55:20,227.1,168.1,0.508,25.62,11:52:30,19.69,00:00:00,25.14,00:00:10,21.79,00:00:00,12.58,2019,12.21,14:23:00,272.5,,,
hot02,2019-06-18,14.96,24.04,13:49:20,7.211,05:10:10,1.08,0.908,05:14:20,0.344,13:38:00,344.1,163.2,0,29.1,15:01:50,16.98,06:14:10,23.9,17:53:30,19.44,08:37:00,12.58,2019,8.95,14:29:00,242.1,,,
hot02,2019-06-19,19.04,29.14,15:17:50,7.805,04:36:10,0.897,0.847,01:48:20,0.173,15:46:30,539.8,220,0,34.08,14:46:20,17.13,06:17:50,26.58,18:15:40,19.43,08:15:10,12.6,2019,9.53,14:05:00,244.6,,,
hot02,2019-06-20,20.33,30.86,13:30:50,9.91,04:32:00,0.847,0.672,04:33:20,0.154,12:51:50,449.6,255.2,0,34,14:36:20,19.14,06:02:30,26.86,16:39:00,21.13,08:15:00,12.6,2019,16.47,15:49:00,211.1,,,
hot02,2019-06-21,15.84,21.79,11:20:50,9.91,23:28:20,0.954,0.867,23:23:30,0.347,16:08:00,523.2,244.1,0,33.88,14:42:50,20.11,06:30:30,27.25,17:30:40,21.75,08:22:50,12.58,2019,9.27,12:38:00,238.9,,,
hot02,2019-06-22,12.68,20.43,14:18:40,5.239,00:00:00,0.911,1.004,03:16:40,0.257,17:44:00,407.1,197.8,5.842,27.03,12:14:40,16.65,00:00:00,24.32,00:00:10,20.38,00:00:00,12.57,2019,7.997,14:29:00,248.8,,,
hot02,2019-06-23,12.28,20.96,16:29:50,3.465,01:58:50,0.692,0.901,04:54:50,0.21,17:58:10,524.7,163.3,0,29.61,15:06:20,13.73,06:35:00,23.79,18:07:30,17.21,08:32:30,12.57,2019,7.448,12:13:00,230.7,,,
hot02,2019-06-24,16.94,28.25,15:55:00,4.977,04:53:30,0.667,0.759,04:06:40,0.136,16:05:00,559.2,186.8,0,32.58,14:45:10,14.62,06:20:40,25.46,18:21:50,17.81,08:23:20,12.59,2019,10.42,13:18:00,242.4,,,
hot02,2019-06-25,20.45,31.73,16:15:10,8.8,02:58:40,0.671,0.608,02:58:30,0.099,10:35:30,471,192.8,0,32.79,15:06:50,16.92,06:22:30,25.87,18:16:30,19.52,08:18:50,12.61,2019,7.82,18:54:00,120.5,,,
hot02,2019-06-26,21.8,31.13,16:13:10,10.76,04:20:10,0.631,0.565,05:48:10,0.084,15:32:40,532.3,240.3,0,34.51,14:41:40,18.7,06:16:00,27.45,18:16:30,20.74,08:01:20,12.6,2019,9.01,11:59:00,294.7,,,
hot02,2019-06-27,21.98,32.78,16:05:10,10.37,04:59:30,0.734,0.568,06:13:20,0.133,18:00:20,540.9,245.2,0,36.11,14:45:40,19.1,06:35:40,28.54,18:15:20,21.39,08:31:50,12.61,2019,10.49,11:58:00,265.6,,,
hot02,2019-06-28,23.87,33.63,15:45:20,10.57,05:05:40,0.862,0.589,05:05:40,0.138,09:38:40,546.4,241.1,0,37.37,14:51:20,20.23,06:29:00,29.66,18:19:10,22.41,08:28:40,12.62,2019,9.17,20:18:00,122.6,,,
hot02,2019-06-29,24.34,36.19,16:55:00,14.9,04:52:50,1.015,0.619,06:14:20,0.128,16:53:50,472.7,193.3,0,37.09,13:30:20,22.61,06:54:50,30.1,18:42:50,24.04,08:58:50,12.62,2019,8.06,18:40:00,154.7,,,
hot02,2019-06-30,21.69,34.36,13:57:10,15.43,04:48:20,1.264,0.863,19:05:50,0.18,13:57:00,386,197.5,2.032,38.36,14:19:00,23.35,07:01:20,30.2,17:04:20,24.69,08:53:00,12.59,2019,9.53,14:33:00,270.2,,,
hot02,2019-07-01,21.77,32.39,14:40:50,13.46,04:48:20,1.217,0.858,02:29:10,0.2,14:36:50,447.6,179.4,0,35.91,15:04:20,20.95,06:36:40,28.7,16:41:30,23.3,08:31:00,12.6,2019,6.233,15:25:00,69.81,,,
hot02,2019-07-02,22.49,33.24,15:50:50,12.48,03:53:00,1.049,0.751,03:52:20,0.159,14:23:10,483,209.9,0,38.49,14:49:20,21.47,06:16:50,30.14,17:30:30,23.3,08:25:40,12.61,2019,8.15,08:52:00,70.78,,,
hot02,2019-07-03,22.77,32.12,15:27:00,12.02,04:53:30,0.8,0.683,04:54:40,0.1,15:20:40,543.4,212.6,0,38.86,14:46:40,21.54,06:28:00,30.71,17:58:20,23.87,08:23:50,12.6,2019,9.09,14:32:00,232.3,,,
hot02,2019-07-04,21.93,31.62,15:32:40,10.37,05:05:50,0.688,0.537,05:05:30,0.112,15:10:00,547.3,227,0,39.28,14:48:20,21.13,06:27:50,30.81,17:54:10,23.83,08:24:30,12.61,2019,8.38,17:13:00,277,,,
hot02,2019-07-05,22.56,33.5,18:21:10,10.71,04:38:10,0.689,0.53,04:37:50,0.094,16:02:50,550.7,170.8,0,39.64,14:45:50,21.45,06:28:30,31.24,18:06:30,24.09,08:23:10,12.6,2019,7.693,15:30:00,311.6,,,
hot02,2019-07-06,22.53,33.58,14:11:30,11.23,04:41:10,0.792,0.546,06:01:10,0.097,13:14:50,492.6,212.2,0,40.23,14:52:00,21.9,06:30:00,31.22,17:10:40,24.51,08:23:00,12.61,2019,9.11,18:05:00,246,,,
hot02,2019-07-07,20.71,31.2,13:04:40,11.82,04:42:30,1.027,0.686,04:42:10,0.188,13:03:50,437.7,195.1,0,38.69,14:02:50,23.02,06:13:10,30.03,15:32:40,25.02,08:42:10,12.61,2019,13.18,14:22:00,153.3,,,
hot02,2019-07-08,21.42,30.09,15:14:00,12.87,23:47:20,0.884,0.727,05:18:50,0.087,19:32:10,470.1,224,0,37.83,14:17:40,23.19,06:58:20,30.4,18:01:30,24.75,09:08:30,12.6,2019,8.9,16:19:00,233.6,,,
hot02,2019-07-09,21.16,33.74,16:56:00,9.52,04:41:30,0.614,0.494,03:43:00,0.079,16:55:10,547.9,189.8,0,39.39,14:49:20,20.65,06:30:00,30.94,18:14:50,23.74,08:29:00,12.6,2019,6.889,14:54:00,270.5,,,
hot02,2019-07-10,23.08,36.4,17:26:20,9.91,05:16:20,0.695,0.541,05:03:50,0.077,17:22:50,547.4,148.9,0,40.59,14:50:00,21.56,06:32:50,31.75,18:16:20,24.4,08:27:30,12.61,2019,5.557,15:58:00,206.8,,,
hot02,2019-07-11,23.59,35.41,14:35:40,12.02,05:17:20,0.834,0.568,05:17:10,0.094,13:03:30,483.5,185.1,0,41.4,14:51:20,22.85,06:31:00,32.14,17:11:00,25.35,08:23:20,12.6,2019,7.34,16:14:00,282.8,,,
hot02,2019-07-12,24.04,36.78,16:35:20,12.28,04:43:30,0.899,0.566,04:43:40,0.12,12:35:30,476.7,154,0,40.84,14:35:30,23.11,06:26:30,32.08,18:17:50,25.56,08:29:30,12.61,2019,7.781,18:41:00,141.8,,,
hot02,2019-07-13,23.87,34.28,13:06:00,15.11,05:14:50,1.022,0.532,22:34:50,0.149,13:24:20,388.3,201.6,0,40.03,13:56:30,24.11,06:32:50,31.39,15:39:00,26.17,08:24:40,12.6,2019,16.12,15:52:00,204.8,,,
hot02,2019-07-14,23.83,33.43,18:00:50,15.37,05:37:30,1.233,0.828,05:36:10,0.198,17:58:00,426.6,150.9,0,40.16,14:52:10,24.4,07:04:40,31.71,16:37:50,26.08,08:37:20,12.6,2019,5.851,16:45:00,263.1,,,
hot02,2019-07-15,23.45,35.08,14:54:20,15.83,04:56:40,1.22,0.662,23:08:40,0.162,14:51:40,457.1,196.5,1.778,41.26,15:12:20,24.07,06:28:30,32.59,16:49:40,26.17,08:07:00,12.59,2019,13.52,15:43:00,254.4,,,
hot02,2019-07-16,25.19,34.48,16:01:40,15.24,04:30:20,1.119,0.67,04:30:20,0.159,11:48:10,506.3,183.1,0,40.01,14:39:20,22.19,06:30:20,31.9,18:06:50,25.02,08:08:50,12.62,2019,6.635,16:08:00,271.3,,,
hot02,2019-07-17,25.53,33.51,14:53:10,16.56,23:59:50,0.948,0.612,03:58:40,0.116,16:46:10,493.1,225.9,0,40.99,14:47:00,24.98,06:38:10,32.82,17:41:40,26.71,08:15:30,12.61,2019,9.16,16:32:00,253.1,,,
hot02,2019-07-18,26.86,34.26,15:11:10,16.16,23:37:50,0.699,0.439,23:38:30,0.095,15:10:00,313.2,73.11,0,40.53,14:37:10,28.26,00:00:00,32.55,18:00:50,29.92,00:00:00,12.61,2019,6.517,14:37:00,184.7,,,
hot02,2019-07-19,28.72,35.36,16:42:20,18.33,23:53:20,0.875,0.435,23:52:50,0.12,16:33:40,721.6,131.5,0,42.16,14:51:50,23.61,07:13:20,33.35,18:10:40,26.13,08:17:10,12.61,2019,7.448,12:22:00,264.2,,,
hot02,2019-07-20,23.95,34.8,14:39:30,14.52,04:57:20,1.024,0.535,07:07:10,0.133,14:36:40,438.3,261.6,0,40.95,14:52:50,24.7,06:25:20,32.69,16:51:20,26.97,09:13:00,12.61,2019,10.97,15:16:00,141.3,,,
hot02,2019-07-21,24.83,37.51,17:27:20,12.48,05:06:10,0.89,0.669,03:45:10,0.076,17:26:40,520.5,158.5,0,42.32,14:56:40,23.47,06:31:00,33.63,18:19:20,26.3,08:18:10,12.61,2019,5.39,00:07:00,64,,,
hot02,2019-07-22,28.41,36.54,13:58:40,18.79,23:45:20,0.954,0.469,23:43:30,0.099,13:52:30,560.7,108.1,0,43.28,15:00:10,29.97,00:00:00,34.3,17:51:20,29.18,11:32:30,12.59,2019,12,15:49:00,177.1,,,
hot02,2019-07-23,25.56,35.33,17:55:10,15.83,04:21:40,1.14,0.615,04:14:00,0.19,15:53:10,492.1,156.2,0,42.75,14:46:50,26.11,06:38:00,34.43,18:00:10,27.94,08:22:20,12.61,2019,6.066,16:32:00,76.2,,,
hot02,2019-07-24,23.15,33.84,15:35:30,16.03,05:24:30,1.307,0.936,22:09:30,0.206,16:06:00,367.2,180.3,0.762,39.57,16:17:00,26.42,06:54:00,33.22,17:51:00,28.23,09:03:10,12.57,2019,10.53,17:17:00,283,,,
hot02,2019-07-25,21.95,31,16:24:40,15.64,01:51:50,1.538,0.928,04:31:40,0.307,15:25:50,398.7,149.6,0,38.35,16:44:00,24.68,07:05:10,32,18:38:20,27.03,08:54:10,12.62,2019,7.879,18:42:00,55.17,,,
hot02,2019-07-26,20.53,30.36,14:50:20,15.18,04:01:50,1.536,0.933,20:30:50,0.316,16:08:00,432.5,186.1,4.572,34.5,14:46:00,23.01,00:00:00,30.92,16:15:00,26.5,00:00:00,12.6,2019,13.71,18:19:00,267.8,,,
hot02,2019-07-27,19.73,27.14,17:31:10,12.94,05:04:20,1.534,0.935,05:05:20,0.335,18:03:40,394.9,189.2,1.778,28.69,11:52:20,19.89,06:56:20,26.83,18:18:40,23.14,08:15:00,12.61,2019,14.08,11:52:00,261.2,,,
hot02,2019-07-28,20.87,30.43,16:27:40,13.33,03:33:00,1.356,0.932,01:46:30,0.237,19:34:40,499,145.2,0,31.55,14:57:00,19.23,06:30:50,28.37,18:12:50,22.03,07:59:20,12.62,2019,5.949,19:33:00,33.34,,,
hot02,2019-07-29,22.58,33.55,15:47:00,12.15,04:37:50,1.025,0.748,18:44:00,0.152,16:39:00,501.8,169.1,0,29.89,14:49:50,19.09,06:47:30,27.02,18:07:40,21.84,08:37:50,12.61,2019,6.713,15:04:00,267.4,,,
hot02,2019-07-30,20.41,33.18,12:33:50,13.2,04:17:10,1.218,0.795,20:57:00,0.207,12:08:10,289.7,236.6,1.27,28.34,12:55:50,18.73,06:33:30,24.85,00:00:10,21.34,08:32:20,12.58,2019,10.11,18:24:00,76.47,,,
hot02,2019-07-31,21.57,31.27,13:21:40,13.53,05:00:50,1.414,0.844,04:52:50,0.245,12:43:30,350.2,183.7,0,28.09,13:47:40,18.25,06:38:30,24.37,16:20:50,20.3,08:19:10,12.62,2019,7.664,14:11:00,235.4,,,
hot02,2019-08-01,21.03,29.17,14:46:40,16.09,03:42:40,1.558,0.885,03:40:10,0.355,13:39:50,298.2,172.5,0,27.23,15:06:40,19.78,06:39:50,24.16,17:55:00,21.05,09:41:50,12.61,2019,6.86,16:11:00,160.6,,,
hot02,2019-08-02,22.78,31.93,16:18:50,13.2,05:59:30,1.407,0.95,06:08:30,0.258,18:04:30,456.6,154.7,0,28.91,14:17:00,18.38,06:57:00,25.55,18:26:20,20.38,08:31:40,12.57,2019,4.939,23:43:00,55.4,,,
hot02,2019-08-03,24.76,34.16,14:01:10,16.56,04:15:50,1.259,0.685,06:31:00,0.181,15:48:40,456.6,180,0,29.99,14:53:20,19.54,06:43:40,26.32,17:36:50,21.36,08:19:50,12.64,2019,8.28,16:45:00,341.7,,,
hot02,2019-08-04,23.49,32.72,13:46:10,17.54,23:36:20,1.328,0.741,23:35:10,0.245,13:42:40,393.8,216.4,0,30.72,14:40:10,20.37,06:37:30,26.57,16:43:40,22.03,08:27:30,12.59,2019,10.91,16:20:00,252.7,,,
hot02,2019-08-05,22.34,33.11,16:04:20,13.2,05:02:40,1.36,0.882,04:46:00,0.22,17:28:10,482.7,141.7,0,30.08,14:55:20,19.31,06:35:50,26.43,18:03:00,21.46,08:29:20,12.63,2019,4.655,17:16:00,199.3,,,
hot02,2019-08-06,23.66,33.76,15:39:30,14.91,04:14:40,1.205,0.712,12:49:20,0.158,15:42:20,454.1,169.9,0,30.59,15:02:00,19.36,06:52:50,26.48,17:02:40,21.55,08:32:40,12.62,2019,7.556,17:08:00,20.72,,,
hot02,2019-08-07,21.68,32.25,14:26:30,15.04,05:16:40,1.353,0.863,19:57:40,0.234,12:46:50,291.9,156.1,0.254,27.23,14:48:30,19.15,06:47:50,24.26,16:18:30,21.27,09:08:40,12.58,2019,8.2,14:54:00,206.1,,,
hot02,2019-08-08,22.6,33.01,17:45:00,14.19,05:10:00,1.398,0.862,01:28:50,0.226,17:27:00,447.8,176.2,0,28.66,14:55:10,19.13,06:25:50,25.43,18:31:10,20.84,08:27:00,12.62,2019,6.517,14:59:00,289.6,,,
hot02,2019-08-09,22.43,31.14,13:42:10,14.72,05:31:10,1.261,0.91,06:50:00,0.195,12:56:10,402.4,190,0,28.59,14:27:30,19.58,06:41:30,25.31,17:05:00,21.34,08:58:20,12.59,2019,10.03,18:25:00,140.5,,,
hot02,2019-08-10,24.05,32.2,14:56:20,15.11,03:29:30,1.19,0.713,04:38:30,0.204,13:42:30,465.3,165.3,0,28.08,15:13:20,19.34,06:28:50,25.14,18:26:00,20.97,08:46:50,12.64,2019,7.272,16:11:00,301,,,
hot02,2019-08-11,22.08,28.67,15:52:00,16.29,23:59:50,1.374,0.795,09:22:40,0.33,15:28:40,256.9,194.3,2.032,24.69,16:49:10,20.4,06:48:00,23.85,00:00:10,21.52,11:12:40,12.59,2019,7.37,12:46:00,113.8,,,
hot02,2019-08-12,22.37,32.72,17:42:30,13.66,05:49:50,1.112,0.813,04:09:20,0.148,17:09:00,476.2,184.9,0,26.86,15:10:30,18.47,06:49:40,24.29,18:15:10,20.28,08:34:00,12.62,2019,7.174,14:37:00,275.4,,,
hot02,2019-08-13,22.09,32.92,16:11:50,11.1,05:31:00,0.836,0.605,05:34:30,0.119,13:46:40,466,177.6,0,26.77,15:36:50,17.6,06:55:10,24.15,18:15:20,19.92,08:49:50,12.62,2019,5.9,19:44:00,7.528,,,
hot02,2019-08-14,22.56,33.64,16:57:20,11.9,06:08:40,0.836,0.705,06:46:00,0.107,16:59:40,468.8,177.3,0,26.31,15:04:20,18.21,07:00:00,23.86,18:17:00,20.19,09:08:40,12.61,2019,6.742,14:30:00,217.1,,,
hot02,2019-08-15,22.23,32.91,14:30:40,11.43,05:19:50,0.783,0.651,06:30:40,0.101,14:22:50,474.9,189.2,0,25.24,15:21:00,17.26,07:19:40,23.08,18:28:40,19.35,09:20:00,12.6,2019,6.713,13:48:00,251.5,,,
hot02,2019-08-16,23,32.52,13:19:50,11.5,03:59:40,0.758,0.54,03:55:20,0.142,14:47:00,386.4,226.6,0,23.49,13:42:50,17.26,07:05:00,21.82,00:00:10,19.22,09:03:10,12.6,2019,14.79,13:35:00,311.6,,,
hot02,2019-08-17,22.53,32.6,16:39:20,12.22,05:36:10,0.711,0.569,07:05:50,0.105,13:51:20,402.1,190.9,0,22.93,15:02:30,17.09,06:51:40,21.57,18:35:20,18.85,09:04:30,12.62,2019,7.958,14:24:00,246.3,,,
hot02,2019-08-18,22.69,34.36,17:55:20,11.69,05:41:30,0.715,0.53,06:31:50,0.091,17:52:40,465.6,190.1,0,24.01,15:20:40,16.65,06:55:30,22.15,19:02:10,18.56,08:58:20,12.61,2019,7.997,15:17:00,248.1,,,
hot02,2019-08-19,22.65,34.16,17:44:00,11.83,06:32:50,0.767,0.677,06:46:00,0.101,16:23:40,452.8,192.5,0,23.65,16:12:30,17.21,07:15:50,22.08,18:59:00,18.97,09:12:50,12.6,2019,8.95,13:38:00,251.5,,,
hot02,2019-08-20,23.21,35.55,17:44:40,11.83,05:40:40,0.758,0.538,05:39:30,0.092,17:41:00,459.8,162.8,0,23.96,15:35:20,17.03,07:07:10,22.25,19:01:20,18.83,09:02:40,12.57,2019,5.086,13:27:00,281.2,,,
hot02,2019-08-21,23.22,34.43,16:05:10,12.04,06:50:20,0.82,0.705,06:55:10,0.096,15:28:50,446.9,181.2,0,23.55,16:33:10,17.25,07:19:00,22.14,18:58:10,19.02,09:06:40,12.63,2019,8.09,19:38:00,68.98,,,
hot02,2019-08-22,22.83,31.73,14:04:30,13.41,05:41:20,0.866,0.548,05:40:00,0.161,15:18:30,367.1,261.4,0,22.77,14:33:20,18.08,07:08:40,21.49,16:44:30,19.44,09:07:50,12.62,2019,10.52,17:21:00,129.1,,,
hot02,2019-08-23,21.77,32.19,15:48:10,13.34,06:47:50,0.827,0.697,06:47:50,0.133,15:47:00,348.6,188,0,21.71,16:52:30,17.19,07:23:50,20.86,19:30:40,18.68,08:57:20,12.61,2019,5.9,01:36:00,51.01,,,
hot02,2019-08-24,21.47,33.38,16:20:50,10.84,05:37:00,0.817,0.523,04:56:10,0.144,16:13:20,401.4,203.9,0,21.44,15:11:10,16.48,07:13:30,20.62,19:26:50,18.12,09:07:40,12.62,2019,8.67,14:28:00,311.5,,,
hot02,2019-08-25,23.12,33.24,15:42:10,12.29,04:29:00,0.857,0.558,04:19:40,0.139,17:15:30,442.1,210.6,0,22.44,16:22:00,16.8,07:09:40,21.11,18:55:20,18.29,08:54:30,12.62,2019,9.13,15:51:00,222.7,,,
hot02,2019-08-26,22.51,32.59,17:31:40,13.01,05:42:40,0.795,0.539,06:23:00,0.124,15:23:30,442.1,214,0,22.71,16:34:30,17.24,07:12:00,21.37,19:02:40,18.69,08:55:50,12.61,2019,8.07,14:02:00,254.4,,,
hot02,2019-08-27,20.38,34.38,16:50:00,10.25,05:34:30,0.636,0.503,04:34:00,0.067,16:45:00,448.3,166.6,0,23.39,16:16:30,16.61,07:14:30,21.59,18:48:00,18.41,08:59:20,12.6,2019,6.243,19:35:00,18.43,,,
hot02,2019-08-28,20.08,32,16:09:00,8.22,06:22:50,0.611,0.751,09:38:30,0.079,16:40:20,448.4,189.2,0,22.3,16:20:00,16.1,07:42:30,21.04,18:55:00,18.07,09:27:20,12.59,2019,6.233,14:43:00,249.1,,,
hot02,2019-08-29,20.11,33.54,17:38:40,9.79,04:53:30,0.698,0.525,07:41:00,0.114,15:52:20,325,141.6,0,20.53,18:10:00,15.85,07:14:30,20.07,00:00:10,17.69,09:26:10,12.6,2019,4.469,13:28:00,265.6,,,
hot02,2019-08-30,21.95,32.92,15:48:10,11.11,05:38:40,0.906,0.571,05:39:40,0.175,15:05:20,415.6,168.6,0,22.43,16:15:10,16.22,06:58:30,20.8,18:59:10,17.74,08:52:10,12.61,2019,5.233,20:30:00,78.69,,,
hot02,2019-08-31,23.06,35.21,16:33:00,11.83,05:33:00,0.932,0.638,05:32:50,0.129,17:24:00,412.5,149.4,0,23.79,16:23:20,16.74,06:58:50,21.77,19:01:50,18.29,08:48:30,12.61,2019,6.282,14:14:00,118.2,,,
hot02,2019-09-01,23.6,35.66,17:08:50,12.42,04:23:50,0.864,0.587,04:23:20,0.111,13:33:40,412.9,180.2,0,25.1,15:09:10,17.5,07:11:50,22.67,18:57:40,18.96,08:55:50,12.61,2019,6.987,13:27:00,214.6,,,
hot02,2019-09-02,23.23,34.95,14:44:00,11.57,05:53:30,0.799,0.514,05:53:10,0.108,15:13:40,422.1,187.5,0,26.33,15:35:00,17.96,07:14:30,23.51,18:52:30,19.49,08:55:00,12.61,2019,5.38,19:59:00,37.93,,,
hot02,2019-09-03,23.6,36.14,16:13:30,12.1,04:08:30,0.825,0.748,07:57:10,0.087,16:22:20,390.3,176.8,0,24.82,15:31:00,18.53,07:37:00,22.96,18:35:20,20,09:17:40,12.63,2019,6.635,18:09:00,224.4,,,
hot02,2019-09-04,24.86,32.59,15:27:40,18.34,02:33:30,1.064,0.543,09:40:00,0.181,12:48:30,297.3,178.1,0,23.62,16:14:00,19.54,07:18:40,22.36,18:15:30,20.47,09:02:50,12.62,2019,9.7,17:43:00,155.6,,,
hot02,2019-09-05,24.6,33.97,15:00:40,15.97,05:11:00,1.108,0.613,04:31:10,0.161,16:48:00,404.7,176.2,0,25.02,15:53:10,18.54,07:08:40,23.08,18:49:40,19.8,08:49:40,12.62,2019,11.52,19:18:00,138,,,
hot02,2019-09-06,23.81,33.58,15:07:10,15.44,06:02:00,1.091,0.618,07:04:30,0.156,15:07:20,357.9,207.2,0,26.11,14:28:30,19.19,07:19:30,23.41,16:34:30,20.4,08:49:50,12.62,2019,9.16,15:28:00,224.5,,,
hot02,2019-09-07,22.09,30.89,17:46:30,15.05,04:21:00,1.125,0.781,09:43:40,0.191,17:41:50,393.9,180.5,0,25.24,14:46:40,19.17,07:28:30,23.16,18:01:40,20.42,08:51:30,12.62,2019,6.929,01:06:00,30.65,,,
hot02,2019-09-08,18.74,25.86,16:10:10,11.24,04:50:50,1.096,0.706,12:03:30,0.353,10:43:20,242.2,176.1,0,21.19,17:00:00,17.51,07:14:40,21.82,00:00:10,19.41,09:17:50,12.6,2019,6.184,07:57:00,68.12,46.1587,,48.0701
hot02,2019-09-09,17.55,30.11,16:10:40,8.74,05:46:30,0.762,0.809,06:42:00,0.117,16:07:10,400,156.1,0,21.21,16:49:30,15.8,07:40:50,20.51,19:02:30,17.95,09:31:40,12.6,2019,6.35,15:01:00,286.6,,,
hot02,2019-09-10,16.73,26.55,11:38:00,8.67,05:00:30,0.977,0.918,22:39:20,0.238,11:34:20,275.9,198.1,2.54,20.01,13:56:40,15.83,07:15:20,19.64,00:00:10,17.5,09:13:40,12.57,2019,8.45,14:15:00,244,,,
hot02,2019-09-11,17.48,25.01,13:02:40,10.18,05:33:30,0.915,0.906,05:34:10,0.168,15:19:10,333.8,290.3,0,18.54,14:40:30,16.22,07:00:40,18.7,00:00:10,17.44,09:02:20,12.52,2019,15.17,11:59:00,232.7,,,
hot02,2019-09-12,13.68,22.93,16:07:40,5.91,05:56:30,0.742,0.774,05:19:40,0.221,16:08:30,392.6,157,0,19.1,16:28:50,14.33,07:11:00,18.45,18:55:40,16.12,09:06:10,12.62,2019,4.528,12:40:00,233.1,,,
hot02,2019-09-13,14.67,26.95,16:50:20,5.448,05:51:40,0.712,0.847,10:10:50,0.112,15:02:10,396.3,155.6,0,19.2,16:55:30,13.62,07:18:10,18.36,19:22:40,15.53,09:23:50,12.59,2019,5.302,14:16:00,297.4,,,
hot02,2019-09-14,17.3,29.11,15:56:10,5.912,05:06:50,0.605,0.608,05:02:50,0.086,16:46:50,395.1,162.7,0,19.36,16:34:30,14.14,07:29:40,18.32,19:16:40,15.83,09:31:00,12.58,2019,4.753,13:30:00,244.9,,,
hot02,2019-09-15,18.25,25.44,12:41:50,9.26,05:17:40,0.735,0.52,07:18:40,0.185,12:14:10,227.2,159.2,0,17.96,14:52:20,14.65,07:30:40,17.75,00:00:10,16.09,09:26:50,12.61,2019,5.517,18:25:00,162.6,43.3648,46.592,46.3395
hot02,2019-09-16,17.71,26.55,14:45:00,12.09,23:38:40,1.111,0.712,22:24:00,0.297,14:44:20,295.5,156.2,0,19.99,15:23:50,16.04,07:13:10,18.67,18:13:40,16.74,09:05:00,12.59,2019,8.18,15:59:00,148.5,,,
hot02,2019-09-17,18.04,26.5,13:30:00,10.06,05:19:40,0.997,0.79,05:18:20,0.251,15:17:00,304.3,258.3,0,18.5,15:17:20,15.54,07:43:30,18,18:42:10,16.65,09:17:20,12.61,2019,11.1,12:22:00,193.3,,,
hot02,2019-09-18,17.88,26.15,13:26:40,10.65,05:41:30,0.883,0.701,07:17:50,0.226,15:43:30,338.4,220.5,0,19,14:50:10,15.22,07:29:10,18.15,18:23:50,16.32,09:31:00,12.61,2019,10.71,12:54:00,284.5,,,
hot02,2019-09-19,19.95,28.75,14:49:30,9.21,05:44:50,0.82,0.675,06:00:30,0.172,14:56:40,340.7,220.8,0,19.08,16:05:20,14.96,07:17:00,18.25,18:42:00,15.37,10:44:40,12.62,2019,12.28,17:10:00,217.3,,,
hot02,2019-09-20,18.19,24.72,12:45:20,10.39,23:35:50,0.668,0.642,05:04:20,0.143,17:16:00,355,328.3,0,18.26,15:19:00,15.78,07:21:20,17.91,17:38:20,16.82,08:57:10,12.58,2019,13.48,14:25:00,272.5,,,
hot02,2019-09-21,12.82,22.68,14:46:20,3.348,05:01:30,0.486,0.598,05:00:30,0.144,16:08:10,373.3,169.2,0,18.17,16:33:10,13.16,07:33:30,17.4,19:07:40,15.14,09:31:30,12.57,2019,6.997,15:18:00,239.5,,,
hot02,2019-09-22,12.84,24.19,17:23:40,2.689,05:13:40,0.505,0.606,05:13:30,0.147,14:59:30,364.2,155.4,0,18.13,16:34:00,12.51,07:26:30,17.14,18:40:40,14.56,09:29:50,12.58,2019,4.841,13:16:00,290.1,,,
hot02,2019-09-23,14.95,25.96,12:59:10,6.173,05:49:40,0.567,0.542,21:44:50,0.116,11:29:50,303.3,178.1,0,18.38,15:39:20,12.88,07:42:50,17.12,18:12:50,14.57,09:22:40,12.57,2019,6.948,16:50:00,237.8,,,
hot02,2019-09-24,14.59,25.01,16:05:20,4.99,06:24:30,0.621,0.647,06:22:30,0.152,16:18:00,353.5,181.2,0,18.78,16:26:30,13.02,07:30:00,17.45,18:52:50,14.68,09:15:40,12.57,2019,5.145,13:23:00,274.7,,,
hot02,2019-09-25,16.12,27.57,16:55:00,5.19,06:00:50,0.691,0.648,04:27:50,0.184,13:34:10,338.9,166.8,0,19.44,16:22:40,13.11,07:25:30,17.9,18:59:40,14.83,09:07:00,12.59,2019,5.449,11:28:00,279.8,,,
hot02,2019-09-26,16.53,27.94,15:31:00,7.357,06:45:20,0.825,0.786,07:45:40,0.211,12:11:40,316.5,198.7,0,18.81,16:27:20,13.95,07:54:50,17.68,19:07:40,15.4,09:34:10,12.59,2019,8.53,16:48:00,279.2,,,
hot02,2019-09-27,17.28,26.49,16:24:10,8.94,04:53:00,0.921,0.696,04:52:40,0.248,16:30:10,,181.4,0,19.13,15:59:40,14.14,07:36:00,17.91,18:58:10,15.43,09:13:10,12.59,2019,7.967,17:15:00,262,,,
hot02,2019-09-28,20.03,26.99,13:52:00,9.8,05:26:40,0.853,0.744,06:12:10,0.196,15:44:20,,285.1,0,19.01,14:25:10,14.89,07:26:40,17.86,17:39:10,15.94,08:56:20,12.63,2019,12.47,14:16:00,237.4,,,
hot02,2019-09-29,20.7,25.9,14:28:10,14.73,04:36:10,0.664,0.471,04:34:40,0.149,17:05:30,,448.4,0,18.08,15:46:20,15.07,07:30:30,17.49,18:14:30,16.1,09:09:40,12.61,2019,15.65,10:39:00,203,,,
hot02,2019-09-30,17.79,25.05,15:14:00,10.45,23:40:50,0.618,0.503,06:12:40,0.142,15:40:00,,284.5,0,18.86,15:33:10,14.78,07:19:40,17.88,18:17:40,15.89,08:58:50,12.58,2019,11.06,14:18:00,252.2,,,
hot02,2019-10-01,15.45,24.59,13:49:40,6.115,02:01:10,0.471,0.547,02:01:00,0.121,13:44:20,,256.7,0,18.11,15:11:00,13.27,07:27:20,17.17,18:13:00,15.03,09:12:20,12.59,2019,10.28,13:16:00,275.6,,,
hot02,2019-10-02,12.96,22.61,16:20:50,4.665,21:49:10,0.358,0.844,08:22:20,0.086,16:21:40,,225.9,0,17.04,15:36:20,12.84,00:00:00,16.36,18:03:00,14.65,09:25:50,12.56,2019,9.3,03:47:00,241,,,
hot02,2019-10-03,12.91,26.36,15:21:00,0.717,04:05:50,0.421,0.526,04:05:00,0.118,15:15:40,,168.8,0,16.94,16:32:10,10.09,07:29:50,15.74,18:55:00,12.62,09:25:40,12.58,2019,5.743,21:26:00,49.95,,,
hot02,2019-10-04,16.66,24.3,13:46:00,7.625,05:44:50,0.524,0.541,07:25:30,0.13,17:30:50,,295.4,0,16.91,15:05:30,12.01,07:29:30,15.81,18:19:20,13.49,09:09:10,12.6,2019,12.25,15:33:00,245.1,49.7505,,
hot02,2019-10-05,11.03,21.24,15:15:10,3.087,05:45:50,0.374,0.512,04:21:00,0.105,15:13:20,,150.3,0,16.77,15:51:30,11.35,07:33:50,15.71,18:16:50,13.3,09:24:30,12.55,2019,4.518,00:15:00,243.4,,,
hot02,2019-10-06,8.82,17.81,16:37:20,-0.336,05:58:10,0.35,0.582,05:56:10,0.153,14:46:30,,177.9,0,15.93,15:37:20,10.26,07:27:30,14.97,18:14:20,12.46,09:17:50,12.56,2019,6.223,13:46:00,251.2,47.266,,
hot02,2019-10-07,11.96,21.52,14:48:50,3.94,23:43:10,0.333,0.348,23:41:30,0.121,15:20:40,,76.1,0,16.42,16:19:30,12.07,00:00:00,14.89,18:26:20,13.73,14:36:10,12.52,2019,3.861,19:35:00,26.26,25.8514,25.802,
hot02,2019-10-08,11.57,23.8,14:25:50,1.506,04:26:50,0.424,0.72,10:02:20,0.128,14:31:50,,159.9,0,16.33,16:21:20,9.43,07:21:20,15.08,18:30:40,11.58,09:19:20,12.56,2019,5.243,14:05:00,246.7,,,
hot02,2019-10-09,18.37,23.6,13:43:10,8.81,23:59:40,0.373,0.41,23:53:00,0.116,18:47:40,0.448,191.2,0,14.98,15:21:30,12.36,00:00:00,14.18,17:39:10,13.04,12:58:20,12.58,2019,11.36,13:05:00,228.9,4.64363,3.09887,
hot02,2019-10-10,2.109,8.46,13:57:00,-4.878,23:18:10,0.288,0.653,23:20:30,0.182,14:45:50,15.8,126.9,0,12.28,13:20:10,8.2,00:00:00,12.36,16:32:50,10.72,00:00:00,12.51,2019,10.57,14:03:00,244.3,2.67771,3.25907,3.13884
hot02,2019-10-11,0.99,12.7,16:07:30,-8.11,05:52:20,0.229,0.703,04:09:40,0.113,15:51:40,15.44,165.3,0,10.6,16:24:30,5.285,08:05:50,10.71,00:00:10,8.05,09:53:10,12.53,2019,5.527,11:36:00,241,3.62494,3.50126,2.77879
hot02,2019-10-12,4.221,15.84,15:04:50,-5.997,05:34:00,0.237,0.618,05:33:40,0.1,14:30:00,15.46,163.8,0,10.93,16:24:10,4.702,07:57:50,10.28,18:31:50,7.224,09:33:50,12.53,2019,4.655,14:51:00,266.9,4.13515,3.26698,3.52599
hot02,2019-10-13,7.558,21.5,15:40:10,-4.15,05:15:20,0.224,0.479,05:15:30,0.068,15:04:30,15.21,161.4,0,11.59,16:42:30,4.885,07:48:40,10.6,18:53:40,7.207,09:29:00,12.55,2019,4.332,07:03:00,71.33,5.1699,3.21535,3.88962
hot02,2019-10-14,10.31,20.98,13:32:50,1.638,06:22:30,0.316,0.407,06:23:00,0.13,14:05:50,14.59,203,0,12.49,16:21:30,6.232,07:35:50,11.32,18:39:30,8.06,09:14:40,12.56,2019,7.918,13:16:00,261.9,5.52207,3.40299,4.79428
hot02,2019-10-15,9.38,20.52,15:26:10,-1.189,05:56:00,0.291,0.534,05:54:30,0.098,16:15:50,14.59,193.6,0,12.64,16:16:00,6.505,07:43:30,11.49,18:30:20,8.45,09:21:40,12.56,2019,5.419,13:46:00,269.8,5.30354,3.67356,4.43008
hot02,2019-10-16,10.8,24.13,15:05:00,0.128,04:39:20,0.296,0.443,07:12:10,0.088,15:03:30,14.14,152.1,0,13.31,16:34:10,6.772,07:37:50,11.93,18:43:40,8.66,09:25:30,12.56,2019,4.322,08:14:00,89.2,5.20853,3.44466,3.85952
hot02,2019-10-17,12.07,24.13,13:40:50,2.233,05:53:10,0.359,0.406,06:16:20,0.096,12:07:20,10.06,176.7,0,13.16,16:18:40,7.284,08:08:10,11.9,18:50:40,9.08,09:32:20,12.57,2019,8.39,17:02:00,258.7,5.56642,3.45063,3.94134
hot02,2019-10-18,10.85,15.71,01:45:30,0.716,00:00:00,0.524,0.708,22:20:20,0.158,15:21:00,9.9,272.9,0,12.25,16:12:00,8.9,00:00:00,11.76,18:02:10,10.65,23:59:50,12.56,2019,10.43,11:14:00,254.7,4.75435,3.35244,4.17599
hot02,2019-10-19,8.16,18.08,15:29:40,-2.636,04:42:40,0.338,0.752,05:53:40,0.125,16:15:40,13.85,196.8,0,12.49,16:08:40,6.376,07:44:50,11.44,18:21:30,8.61,09:23:40,12.59,2019,13.93,23:58:00,294,4.57152,3.59512,3.8999
hot02,2019-10-20,4.841,10.78,00:00:10,-2.506,22:31:30,0.323,0.651,00:00:00,0.187,15:50:40,11.83,364.4,0,11.82,14:31:40,8.02,08:06:40,11.25,17:27:30,9.59,09:49:30,12.54,2019,13.98,00:13:00,282.1,4.47556,3.85698,3.75805
hot02,2019-10-21,3.066,11.97,16:31:30,-2.771,03:05:30,0.337,0.672,05:24:30,0.231,16:31:50,8.65,158.3,0,10.38,14:56:50,6.324,08:02:40,10.05,18:13:30,8.22,09:55:20,12.55,2019,7.742,14:50:00,273.1,2.88263,2.20479,2.40868
hot02,2019-10-22,4.863,15.06,15:31:40,-3.76,05:36:20,0.393,0.739,05:34:40,0.243,14:13:10,11.61,143.7,0,10.96,16:24:40,4.823,07:40:50,9.98,18:30:00,7.143,09:17:20,12.55,2019,4.753,16:07:00,249.4,3.06436,2.21589,2.51621
hot02,2019-10-23,7.329,17,14:57:20,-0.202,05:21:30,0.399,0.683,06:30:20,0.109,14:42:10,12.48,207,0,11.73,15:52:30,5.76,07:52:20,10.52,18:22:50,7.594,09:21:40,12.56,2019,8.75,14:53:00,296.6,4.50147,2.69481,3.58928
hot02,2019-10-24,2.835,8.88,14:59:50,-3.561,06:08:50,0.341,0.75,06:20:30,0.252,15:26:10,13.19,184.1,0,11.11,15:28:50,6.167,07:56:00,10.26,17:42:20,8.06,09:33:30,12.53,2019,7.007,13:36:00,267.5,2.73205,2.34219,2.71331
hot02,2019-10-25,3.694,13.63,16:17:00,-5.205,06:57:30,0.315,0.637,06:58:00,0.219,14:10:10,12.88,135.5,0,10.91,16:22:00,4.175,07:43:30,9.79,18:22:10,6.676,09:22:10,12.54,2019,4.312,14:49:00,241.7,2.92927,2.26437,2.64698
hot02,2019-10-26,8.03,21.12,14:05:30,-1.914,03:33:50,0.397,0.659,03:36:20,0.161,14:03:20,12.81,166.3,0,12.3,16:22:20,5.008,07:37:20,10.57,18:28:50,7.02,09:08:50,12.54,2019,5.067,20:48:00,39.61,4.43447,2.64292,3.26737
hot02,2019-10-27,5.693,15.52,13:43:30,-4.089,23:59:10,0.375,0.89,23:59:00,0.218,13:46:40,11.44,262.8,0,11.73,15:43:10,6.102,07:39:10,10.47,17:44:00,7.867,09:00:40,12.53,2019,12.04,18:08:00,258.9,4.1804,3.04423,3.70541
hot02,2019-10-28,-3.068,1.993,14:37:00,-6.263,06:36:40,0.343,0.924,02:50:20,0.369,15:16:10,9.03,105.8,4.826,7.833,00:00:10,5.158,23:59:50,9.34,00:00:10,6.795,23:59:50,12.49,2019,4.743,00:08:00,242.3,1.28711,1.51623,0.97896
hot02,2019-10-29,-1.655,6.931,12:44:10,-10.81,23:45:20,0.37,0.936,02:25:10,0.313,12:45:50,7.264,222.7,0.508,7.112,14:33:40,4.26,00:00:00,7.17,17:06:10,5.967,10:03:00,12.5,2019,10.6,19:29:00,219.6,2.28777,1.76731,1.40769
hot02,2019-10-30,-10.21,-3.171,15:37:00,-13.7,23:16:40,0.186,0.863,01:26:10,0.398,15:44:40,11.99,136.6,0.508,4.286,16:35:40,2.263,00:00:00,6.048,00:00:30,4.367,00:00:00,12.45,2019,4.332,19:57:00,82.1,1.12787,1.3768,1.06
hot02,2019-10-31,-6.496,4.932,14:31:40,-15.22,05:25:10,0.222,0.796,23:44:20,0.268,12:37:30,12.44,130.9,0,3.41,16:58:20,1.167,10:20:30,4.367,00:00:10,3.021,12:15:00,12.55,2019,4.92,07:10:00,66.81,1.81528,1.37524,1.3766
hot02,2019-11-01,-1.826,9.48,14:44:50,-9.49,06:35:00,0.281,0.81,06:38:40,0.161,15:15:30,12.21,137.6,0,4.598,16:43:20,0.96,09:33:00,4.444,18:40:50,2.59,11:14:20,12.55,2019,4.753,22:42:00,66.71,2.45204,1.31376,1.84266
hot02,2019-11-02,0.544,12.82,15:03:20,-7.71,05:42:00,0.276,0.708,05:44:00,0.139,15:04:20,12.08,146.9,0,5.425,16:40:50,1.02,09:15:20,4.887,18:40:20,2.603,10:41:30,12.55,2019,4.243,02:10:00,73.08,3.00215,1.48041,2.10634
hot02,2019-11-03,2.109,12.98,15:24:50,-6.13,06:25:20,0.289,0.671,01:16:30,0.147,15:27:50,11.73,162.7,0,6.137,16:26:10,1.171,08:41:30,5.337,18:35:00,2.756,10:13:10,12.55,2019,4.724,13:34:00,269.6,3.1782,1.76751,2.51104
hot02,2019-11-04,4.4,15.65,15:01:20,-3.955,06:25:50,0.335,0.638,06:26:00,0.194,15:01:30,11.5,181.9,0,6.887,16:33:20,1.436,08:19:40,5.933,18:47:10,3.048,09:47:10,12.56,2019,6.546,15:52:00,230.7,3.61872,2.09447,2.88556
hot02,2019-11-05,5.662,16.84,13:32:00,-2.833,04:14:30,0.389,0.705,04:15:10,0.197,13:34:30,11.48,162.3,0,7.806,16:26:40,2.135,08:00:00,6.667,18:38:30,3.693,09:32:30,12.55,2019,4.822,15:15:00,256.2,3.45219,2.03808,2.64403
hot02,2019-11-06,5.753,16.85,14:52:20,-2.899,06:21:00,0.384,0.696,06:36:30,0.189,14:15:00,11.15,172.3,0,8.12,16:26:30,2.564,08:00:00,6.99,18:34:20,4.161,09:31:40,12.55,2019,4.283,14:26:00,278.9,3.59549,2.2122,2.71919
hot02,2019-11-07,5.513,17.15,15:03:00,-2.636,05:23:50,0.357,0.65,05:24:40,0.174,15:03:10,11.26,158.8,0,8.15,16:24:40,2.682,08:06:10,7.093,18:27:10,4.379,09:38:50,12.53,2019,4.596,18:27:00,22.81,3.51774,2.2382,2.60099
hot02,2019-11-08,4.91,15.61,15:01:00,-3.424,05:44:30,0.324,0.625,07:22:40,0.172,15:19:20,11.12,177.4,0,7.822,16:28:40,2.443,08:09:10,6.899,18:25:00,4.271,09:40:40,12.56,2019,4.694,08:32:00,93.9,3.57267,2.3859,2.84773
hot02,2019-11-09,6.34,18.08,15:13:10,-2.898,06:25:20,0.327,0.584,06:45:10,0.145,15:00:20,11.1,153.9,0,8.32,16:30:20,2.471,08:02:10,7.196,18:37:30,4.296,09:34:50,12.55,2019,4.341,13:39:00,248.3,3.67085,2.25335,2.80411
hot02,2019-11-10,6.042,16.01,15:01:50,-2.305,06:15:40,0.361,0.635,05:58:50,0.206,15:05:10,10.83,178.8,0,8.24,16:27:20,2.893,08:02:00,7.247,18:41:00,4.608,09:37:30,12.56,2019,5.076,15:06:00,274.6,3.49702,2.27407,2.90604
hot02,2019-11-11,4.06,14.07,14:03:10,-3.03,23:55:20,0.308,0.641,07:04:00,0.121,15:47:50,9.91,206,0,7.606,16:11:00,3.167,08:09:20,6.893,18:09:10,4.806,09:45:40,12.53,2019,7.232,14:41:00,243.9,3.78185,2.39443,2.82339
hot02,2019-11-12,1.067,11.9,14:49:10,-8.04,05:15:10,0.247,0.678,05:17:10,0.177,14:04:20,10.68,166.7,0,6.602,16:22:00,1.288,08:11:20,6.016,18:21:00,3.579,09:54:30,12.53,2019,4.479,08:18:00,82.8,2.9107,2.2263,2.30792
hot02,2019-11-13,2.761,12.87,14:07:10,-5.337,07:04:50,0.263,0.555,07:05:00,0.175,14:20:20,10.44,171.4,0,6.707,16:20:00,1.376,07:59:10,5.967,18:28:10,3.398,09:37:00,12.54,2019,5.233,12:06:00,252.1,3.13842,2.05189,2.54206
hot02,2019-11-14,4.266,16.83,14:34:50,-4.285,06:32:30,0.337,0.645,06:10:10,0.195,14:35:20,9.97,146.6,0,7.164,16:18:30,1.603,07:59:50,6.199,18:42:50,3.51,09:40:00,12.54,2019,5.125,22:01:00,66.65,3.18164,1.79373,2.14987
hot02,2019-11-15,6.238,16.77,13:29:20,-2.045,06:56:30,0.346,0.573,06:56:50,0.19,14:06:10,7.316,148,0,7.903,16:07:10,2.406,07:55:00,6.702,18:53:40,4.04,09:29:30,12.55,2019,4.175,08:49:00,73.78,3.23011,1.66972,2.29423
hot02,2019-11-16,6.217,15.19,15:48:50,-1.124,06:58:40,0.368,0.643,06:59:30,0.215,16:00:00,9.58,170.8,0,8.09,16:12:30,3.138,07:38:10,7.019,18:32:50,4.542,09:27:40,12.55,2019,5.998,20:16:00,301.9,3.18304,1.88414,2.84789
hot02,2019-11-17,3.815,13.87,14:55:20,-3.821,04:10:30,0.36,0.705,04:11:30,0.218,14:41:30,9.87,166.7,0,7.724,16:12:40,2.622,08:06:20,6.786,18:15:30,4.411,09:46:00,12.55,2019,4.792,11:33:00,247.2,2.93254,1.97169,2.22854
hot02,2019-11-18,4.568,13.68,13:40:20,-3.492,05:44:40,0.381,0.688,05:47:20,0.252,16:39:30,9.56,157.7,0,8.06,16:21:20,2.547,07:56:40,6.948,18:27:10,4.309,09:35:40,12.56,2019,5.635,14:49:00,254.4,2.72834,1.8131,2.30142
hot02,2019-11-19,6.765,16.57,15:05:30,-2.572,05:40:50,0.529,0.958,23:00:20,0.249,15:08:10,7.187,183,6.858,7.836,15:54:50,2.934,08:04:20,6.86,18:19:10,4.532,09:38:10,12.58,2019,8.96,19:42:00,269.5,3.11239,1.72814,2.11979
hot02,2019-11-20,6.353,10.85,13:50:00,3.614,03:30:20,0.818,0.947,07:37:10,0.659,13:50:30,3.242,140.8,0.762,7.852,16:21:50,5.699,08:18:50,7.224,19:29:30,6.216,10:23:00,12.51,2019,5.87,13:01:00,87.5,1.12191,0.5335,0.801144
hot02,2019-11-21,5.155,11.67,13:38:00,1.966,08:16:00,0.678,0.96,04:24:00,0.397,14:17:20,6.034,183.1,10.92,7.893,16:03:50,5.213,09:37:20,7.277,17:59:30,5.889,11:16:20,12.61,2019,7.105,04:24:00,275.4,2.04553,1.14694,1.19369
hot02,2019-11-22,3.34,6.847,14:15:00,0.453,03:23:10,0.647,0.957,03:53:50,0.571,14:36:50,3.513,154,2.794,6.825,15:53:20,5.265,08:59:50,6.722,00:00:10,5.882,10:55:10,12.56,2019,5.743,00:04:00,240.6,1.18009,0.846237,0.739325
hot02,2019-11-23,1.472,9.26,16:14:00,-2.969,06:23:10,0.46,0.892,01:00:30,0.382,16:15:20,9.65,165.7,0,6.782,15:53:50,3.158,09:06:20,6.338,17:53:20,4.59,10:32:40,12.58,2019,5.184,06:40:00,67.52,1.87523,1.45545,1.62807
hot02,2019-11-24,-0.057,7.083,14:57:20,-5.864,07:02:50,0.42,0.863,00:09:50,0.456,14:24:50,9.56,164.2,0,5.498,16:02:50,1.999,09:21:40,5.341,00:00:10,3.558,10:46:50,12.57,2019,4.508,14:54:00,258.9,1.58075,1.33519,1.45202
hot02,2019-11-25,0.379,7.702,15:32:10,-4.68,04:51:10,0.439,0.97,23:49:50,0.387,15:37:50,3.939,130.2,0,3.95,16:44:30,1.727,08:58:50,4.423,00:00:30,3.06,11:22:20,12.55,2019,6.919,20:06:00,203.5,1.46916,0.866997,0.876298
hot02,2019-11-26,-5.325,-0.406,00:52:00,-11.46,22:48:50,0.338,0.972,00:48:30,0.555,15:28:40,7.25,140.7,0,2.979,00:00:10,2.239,23:59:40,3.769,00:00:10,3.103,23:59:40,12.31,2019,9.18,13:27:00,251.9,,,
hot02,2019-11-27,-2.224,5.976,23:49:30,-10.54,00:03:10,0.322,0.781,00:04:40,0.421,23:49:20,4.008,240.6,1.016,2.238,00:00:40,1.595,10:37:20,3.103,00:00:10,2.499,23:55:30,12.42,2019,6.84,02:10:00,78.03,,,
hot02,2019-11-28,3.615,11.77,15:59:20,-0.861,06:04:00,0.468,0.71,08:58:30,0.41,15:58:20,6.273,172.7,0,2.037,17:07:50,1.671,08:45:00,2.604,19:08:00,2.423,10:44:10,12.69,2019,5.38,01:50:00,90.7,,,
hot02,2019-11-29,2.691,10.08,11:28:10,-3.56,23:49:20,0.498,0.956,16:35:20,0.426,02:29:40,2.485,270.7,2.794,2.581,16:24:20,1.662,08:03:50,2.872,17:59:40,2.363,09:34:40,12.53,2019,17.2,12:12:00,249.6,,,
hot02,2019-11-30,-2.298,2.823,15:40:10,-6.457,23:25:10,0.344,0.932,05:05:30,0.357,16:13:30,6.574,199.5,0.508,2.545,16:52:30,1.298,00:00:00,2.753,18:39:40,2.289,11:14:50,12.57,2019,8.59,11:56:00,270.4,,,
hot02,2019-12-01,-4.436,0.902,14:24:50,-9.88,07:29:40,0.292,0.789,20:50:10,0.486,13:02:30,7.858,165.5,0,1.298,00:00:10,0.604,12:32:10,2.345,00:00:10,1.531,23:58:30,12.59,2019,5.419,08:31:00,85.6,1.16727,1.15863,1.0889
hot02,2019-12-02,-1.845,4.273,14:43:00,-7.113,04:20:40,0.36,0.843,22:58:10,0.463,14:35:50,7.915,140.4,0,1.257,17:12:30,0.435,09:35:30,1.617,19:12:10,1.291,13:05:00,12.6,2019,5.312,12:09:00,258.2,1.25141,0.811528,1.13455
hot02,2019-12-03,-0.109,9.47,15:05:10,-5.141,02:34:20,0.428,0.907,06:14:50,0.41,15:04:50,8.05,110,0,2.499,16:32:00,0.466,09:24:10,2.207,18:47:50,1.244,12:11:00,12.61,2019,3.371,01:39:00,140.1,1.40269,0.573945,1.08388
hot02,2019-12-04,2.091,13.08,14:25:20,-3.363,00:24:40,0.476,0.868,00:42:10,0.326,14:24:40,8.03,129.3,0,3.476,16:28:40,0.598,09:58:20,2.825,18:50:10,1.371,11:20:50,12.62,2019,3.949,15:18:00,262.9,1.97067,0.693436,1.30188
hot02,2019-12-05,2.861,7.622,15:39:50,0.784,00:54:20,0.666,0.957,10:14:00,0.708,00:24:00,4.659,145.1,1.016,4.571,16:34:10,2.098,07:03:40,3.823,18:56:30,2.428,08:54:10,12.58,2019,6.35,11:23:00,273.8,0.943085,0.44363,0.585007
hot02,2019-12-06,2.428,12.49,15:08:30,-2.309,07:32:20,0.521,0.937,03:53:00,0.344,15:09:00,8.35,115,0,5.246,16:04:30,1.786,09:29:20,4.351,18:16:40,2.643,10:36:30,12.58,2019,3.646,17:40:00,24.5,1.68903,0.944627,1.24224
hot02,2019-12-07,2.83,10.66,14:57:20,-4.152,07:31:00,0.499,0.861,03:14:20,0.413,11:47:30,7.367,131.8,0.254,5.124,16:17:40,1.333,09:48:10,4.221,19:39:50,2.367,11:04:30,12.6,2019,4.185,09:42:00,106.5,1.64118,1.12325,1.20828
hot02,2019-12-08,4.19,11.16,13:53:50,1.44,22:35:30,0.692,0.944,19:17:20,0.499,13:37:30,4.567,175.6,4.572,5.887,15:10:20,3.534,08:25:30,5.013,18:16:20,3.8,10:01:20,12.54,2019,11.12,16:35:00,265.4,1.6703,0.722212,0.997492
hot02,2019-12-09,1.086,7.644,14:37:20,-3.756,23:18:40,0.542,0.966,03:35:10,0.426,14:36:20,7.309,126.1,0,6.141,15:42:40,3.01,09:23:00,5.209,17:56:00,3.748,10:37:10,12.57,2019,6.664,15:18:00,6.778,1.31135,0.966074,0.998545
hot02,2019-12-10,-0.883,7.977,15:50:50,-5.995,04:34:30,0.373,0.821,07:11:00,0.347,15:50:40,8.65,149.3,0,4.15,16:02:00,1.464,09:56:10,4.251,00:00:10,2.675,11:18:10,12.55,2019,6.125,09:10:00,93.7,1.70827,1.21156,1.19827
hot02,2019-12-11,-2.419,3.081,11:15:10,-7.575,05:04:20,0.355,0.826,21:26:20,0.469,11:13:30,4.722,136.2,0,2.016,00:00:10,0.911,11:16:20,3.147,00:00:20,1.997,12:42:10,12.47,2019,5.527,03:20:00,83.4,1.1614,0.951005,0.851615
hot02,2019-12-12,-0.693,5.389,14:19:50,-6.326,04:36:20,0.389,0.835,04:42:30,0.452,12:08:10,4.786,99.1,0,1.831,16:26:40,0.596,11:50:50,2.044,00:00:40,1.491,13:03:10,12.51,2019,3.548,16:17:00,290,1.10023,0.663566,0.929777
hot02,2019-12-13,1.783,8.35,14:21:40,-3.495,07:12:30,0.49,0.948,22:57:20,0.315,14:23:00,6.598,156.3,0,3.642,15:58:30,0.86,09:32:20,3.059,19:11:30,1.626,10:33:20,12.59,2019,9.09,13:34:00,277.9,1.7495,0.686693,1.41649
hot02,2019-12-14,1.369,5.865,14:26:40,-2.637,23:57:40,0.578,0.967,01:30:20,0.671,14:24:10,2.695,152.6,1.524,3.033,16:28:10,1.846,10:24:40,2.943,19:23:40,2.406,11:59:50,12.49,2019,7.027,22:01:00,248.9,0.854644,0.318945,0.548596
hot02,2019-12-15,-2.834,-0.385,13:00:10,-5.929,23:03:20,0.357,0.89,20:56:30,0.56,12:06:10,3.833,118.9,0,2.047,00:00:10,0.965,10:54:20,2.739,00:00:10,1.839,12:39:30,12.47,2019,4.302,13:41:00,272.6,0.811779,0.695671,0.798053
hot02,2019-12-16,-5.942,-0.065,16:21:20,-11.07,23:55:50,0.237,0.81,01:48:20,0.352,16:24:50,8.23,162.3,0,1.004,00:00:10,0.417,23:59:10,1.863,00:00:20,1.22,23:59:50,12.52,2019,5.576,13:30:00,267.1,1.23104,1.03182,1.11136
hot02,2019-12-17,-7.832,0.977,14:40:30,-14.1,06:59:40,0.185,0.737,03:10:50,0.261,14:40:00,8.36,156.7,0,0.417,00:00:20,0.027,23:59:30,1.221,00:00:10,0.808,23:58:40,12.53,2019,4.959,07:42:00,86.8,1.42913,1.02275,0.977641
hot02,2019-12-18,-6.078,2.296,14:16:40,-13.11,07:00:50,0.234,0.781,07:43:50,0.354,13:33:10,7.479,164.2,0,0.027,00:00:10,-0.278,10:16:30,0.809,00:03:40,0.522,23:58:10,12.55,2019,4.89,10:29:00,99.3,1.4043,0.854571,1.12754
hot02,2019-12-19,-4.979,2.891,14:36:20,-10.61,05:40:50,0.257,0.848,05:42:20,0.332,14:30:50,7.957,162.8,0,-0.17,00:00:20,-0.534,09:25:00,0.523,00:00:40,0.338,14:31:40,12.54,2019,5.037,13:45:00,252.8,1.43227,0.707413,1.18628
hot02,2019-12-20,-3.917,7.495,14:44:10,-11.72,07:38:10,0.257,0.782,07:40:00,0.265,14:44:30,8.09,139.5,0,-0.332,19:31:10,-0.929,08:56:00,0.343,00:01:20,0.142,14:09:20,12.56,2019,4.4,09:06:00,82,1.79199,0.799211,1.17106
hot02,2019-12-21,-2.377,7.495,13:15:40,-8.7,06:35:50,0.291,0.772,06:40:10,0.304,13:16:00,8.1,129.4,0,-0.352,20:10:30,-1.1,08:34:10,0.168,00:06:10,0.018,13:29:00,12.53,2019,4.057,15:16:00,267.3,1.63037,0.730068,1.31758
hot02,2019-12-22,-2.002,7.017,14:45:10,-7.377,07:25:00,0.315,0.775,07:26:20,0.308,14:56:20,5.431,111.3,0,-0.374,19:14:40,-0.921,08:44:10,0.063,01:09:10,-0.037,12:55:10,12.57,2019,3.959,12:36:00,284.8,1.48125,0.68387,0.866441
hot02,2019-12-23,1.351,7.499,13:07:20,-5.331,05:57:40,0.311,0.705,01:56:20,0.274,14:00:00,5.507,134,0,-0.289,23:57:40,-0.881,08:44:50,0.013,00:16:50,-0.09,12:04:00,12.57,2019,5.831,18:08:00,274,1.79425,0.822882,1.4263
hot02,2019-12-24,4.376,12.56,12:43:20,-0.657,00:53:40,0.452,0.943,23:53:50,0.271,12:44:30,6.782,169.1,0.508,-0.195,23:57:00,-0.309,09:13:40,0.06,23:59:10,-0.01,00:01:30,12.57,2019,6.066,15:40:00,267.7,2.2831,0.871269,1.92925
hot02,2019-12-25,0.891,4.735,14:26:20,-3.361,21:52:50,0.479,0.963,05:25:40,0.411,16:04:20,3.815,184.3,0.254,-0.145,23:58:20,-0.196,00:03:40,0.133,23:56:00,0.059,00:10:10,12.55,2019,8.17,13:01:00,242.3,1.44692,0.74341,1.02494
hot02,2019-12-26,-1.867,6.015,15:06:10,-7.309,23:45:40,0.396,0.956,08:39:10,0.383,15:06:40,8.26,112.9,2.286,-0.128,23:43:40,-0.147,00:07:00,0.223,23:57:30,0.132,00:03:20,12.55,2019,3.969,13:24:00,310.5,1.20471,0.920029,0.976908
hot02,2019-12-27,-4.175,2.051,12:23:00,-8.96,03:54:40,0.377,0.959,23:02:10,0.505,12:23:30,3.569,147.1,0,-0.125,03:29:30,-0.16,12:36:20,0.277,23:56:10,0.221,00:00:40,12.46,2019,5.331,15:19:00,294.8,1.01537,0.779405,0.453307
hot02,2019-12-28,-5.073,-2.543,00:03:40,-10.87,20:38:40,0.367,0.961,01:25:20,0.651,11:46:10,4.115,136.9,0,-0.114,23:58:20,-0.135,00:00:50,0.314,23:53:50,0.276,00:03:10,12.33,2019,4.792,12:11:00,202.1,0.624353,0.507206,0.499252
hot02,2019-12-29,-10.12,-2.455,11:20:20,-14.36,23:42:30,0.218,0.897,04:46:00,0.486,11:22:10,8.7,154.5,0,-0.099,22:32:10,-0.116,00:24:00,0.335,23:34:30,0.312,00:03:50,12.6,2019,4.106,05:40:00,30.61,0.866244,0.796169,0.718357
hot02,2019-12-30,-9.33,0.834,16:10:00,-13.44,04:39:20,0.192,0.818,00:00:20,0.319,16:11:40,8.76,165.4,0,-0.1,00:03:20,-0.212,23:59:50,0.336,00:47:30,0.257,00:00:00,12.58,2019,5.527,07:38:00,60.74,1.34592,0.823767,0.874138
hot02,2019-12-31,-10.23,0.258,15:36:10,-16.73,06:55:50,0.188,0.823,03:10:20,0.383,15:27:10,8.85,124.1,0.762,-0.211,00:00:30,-0.726,00:00:00,0.259,00:02:40,0.036,00:00:00,12.57,2020,4.283,08:31:00,97.4,1.03815,0.706527,
hot02,2020-01-01,-8.45,-5.07,12:55:40,-12.78,05:00:40,0.277,0.923,18:43:50,0.722,02:52:50,3.078,116.9,0,-0.727,00:00:20,-1.12,08:45:10,0.037,00:00:50,-0.203,23:59:30,12.34,2020,5.615,13:46:00,264,0.45456,1.23783,0.280474
hot02,2020-01-02,-6.561,-1.189,12:36:00,-11.07,23:52:20,0.311,0.93,01:36:20,0.585,12:37:10,4.566,107.2,1.27,-0.652,17:04:50,-0.904,00:00:00,-0.202,00:02:10,-0.252,23:59:20,12.27,2020,4.106,01:23:00,256.9,0.689067,0.989459,0.573295
hot02,2020-01-03,-8.19,2.375,15:34:30,-14.95,06:13:20,0.255,0.912,01:32:30,0.459,15:33:10,8.64,125.2,0.508,-0.84,18:00:40,-1.331,09:44:50,-0.251,00:07:20,-0.401,13:50:40,12.64,2020,3.704,11:24:00,264.7,1.03555,0.943144,0.776885
hot02,2020-01-04,-6.543,3.228,13:04:40,-11.85,04:04:10,0.286,0.903,23:28:10,0.431,13:05:00,7.821,141,0,-0.936,18:24:30,-1.526,09:28:00,-0.397,00:00:30,-0.578,12:42:40,12.63,2020,5.057,15:59:00,281.3,1.19571,0.540629,0.848728
hot02,2020-01-05,-7.022,1.314,11:47:50,-13.3,07:00:40,0.297,0.93,19:18:30,0.49,11:47:40,9.27,201,0,-0.967,18:56:20,-1.773,09:24:40,-0.522,00:01:00,-0.763,12:18:00,12.62,2020,6.203,18:54:00,295.8,1.18702,0.718475,0.915327
hot02,2020-01-06,-6.954,0.973,15:45:00,-10.67,23:36:40,0.314,0.96,10:20:20,0.55,15:45:50,8.22,116.8,0,-0.904,18:04:10,-1.512,09:33:10,-0.612,20:54:40,-0.783,11:26:00,12.58,2020,5.233,12:07:00,259.9,0.821888,0.508756,0.632648
hot02,2020-01-07,-6.718,1.705,13:23:20,-12.57,01:06:10,0.255,0.853,01:08:50,0.417,13:23:40,8.95,128.7,0,-1.261,18:06:50,-2.322,09:23:40,-0.67,00:01:00,-1.119,11:58:20,12.58,2020,4.959,15:19:00,285.3,1.10661,0.700754,0.959796
hot02,2020-01-08,-6.29,0.518,13:29:30,-10.54,02:51:20,0.299,0.918,23:52:20,0.55,13:29:50,6.977,171.4,0,-1.404,17:44:40,-2.365,08:29:20,-0.939,00:00:10,-1.338,11:11:10,12.57,2020,5.547,15:25:00,273.7,0.985685,0.627964,0.747911
hot02,2020-01-09,-5.274,1.629,15:01:10,-12.32,05:14:10,0.341,0.924,00:49:50,0.565,14:56:20,5.484,124,0,-1.393,19:40:40,-2.549,08:33:30,-1.078,23:58:30,-1.536,11:10:50,12.57,2020,4.635,12:40:00,288,0.873906,0.48518,0.649916
hot02,2020-01-10,-5.437,1.045,14:58:40,-10.6,00:00:00,0.326,0.933,07:41:40,0.507,15:15:50,6.829,150.6,0,-1.241,17:22:00,-1.922,00:00:00,-1.007,19:56:00,-1.25,11:22:20,12.55,,4.763,12:27:00,275.2,1.0113,0.564759,0.70233
hot02,2020-01-11,-8.31,-4.155,15:30:20,-12.84,04:53:50,0.233,0.855,00:09:40,0.555,15:31:50,4.068,133.4,0,-1.922,00:00:10,-2.915,08:40:50,-1.132,00:00:40,-1.813,11:38:50,12.5,,4.949,06:52:00,103.6,0.727992,0.55553,0.529056
hot02,2020-01-12,-5.012,0.649,11:35:00,-10.73,00:20:50,0.334,0.907,05:32:00,0.559,11:35:30,5.713,97.9,0,-1.667,19:10:30,-2.795,04:24:50,-1.4,23:56:40,-1.96,09:43:20,12.56,,3.724,16:06:00,138.5,0.781348,0.388246,0.740121
hot02,2020-01-13,-1.855,5.256,16:13:50,-6.717,23:49:50,0.371,0.885,00:00:10,0.397,16:14:30,4.583,145.4,0,-1.141,19:41:10,-1.929,08:19:10,-1.058,22:49:50,-1.469,09:41:30,12.58,,5.086,23:06:00,66.98,1.43813,0.374162,0.943829
hot02,2020-01-14,-0.885,9.08,15:06:30,-8.36,07:46:20,0.296,0.757,00:24:30,0.255,14:50:50,9.27,204.2,0,-0.801,21:51:00,-2.439,09:30:40,-0.912,23:59:50,-1.606,11:30:40,12.58,,6.321,15:44:00,247.8,2.53162,1.03357,1.90336
hot02,2020-01-15,-1.444,8.2,14:56:10,-9.15,07:12:00,0.317,0.784,07:19:40,0.336,14:49:10,9.36,148.5,0,-0.742,20:42:50,-2.511,09:06:20,-0.843,23:59:50,-1.509,11:07:00,12.56,,4.351,09:35:00,76.42,1.85413,0.998423,1.47444
hot02,2020-01-16,0.551,7.238,13:59:30,-6.255,06:04:00,0.355,0.712,06:04:50,0.348,14:01:50,5.589,126,0,-0.596,00:00:00,-2.013,08:37:20,-0.718,23:59:00,-1.229,10:41:50,12.58,,5.184,04:25:00,47.12,1.65309,0.817436,1.12367
hot02,2020-01-17,-0.102,4.01,14:58:40,-7.377,23:46:40,0.441,0.951,11:05:20,0.488,20:04:40,3.457,281,0.762,-0.408,21:44:00,-0.597,00:01:40,-0.457,23:58:50,-0.719,00:00:10,12.47,,13.85,10:57:00,255.6,1.57445,0.775909,0.92198
hot02,2020-01-18,-5.718,-0.862,15:23:10,-10.34,06:18:50,0.267,0.805,23:53:30,0.475,15:27:30,5.282,133.7,0,-0.497,00:00:20,-1.843,09:03:40,-0.453,01:35:30,-0.856,11:51:10,12.53,,4.626,03:46:00,79.22,1.00455,0.837324,0.835654
hot02,2020-01-19,-5.171,4.079,15:43:00,-12.05,07:05:20,0.282,0.85,07:09:20,0.415,15:43:40,8.89,128,0,-1.006,18:13:50,-3.347,08:41:30,-0.717,00:00:40,-1.722,10:51:10,12.55,,3.753,08:07:00,79.66,1.30239,0.913871,1.17439
hot02,2020-01-20,-2.698,3.298,14:20:50,-9.95,07:32:20,0.325,0.835,02:31:40,0.429,14:11:20,7.045,128.4,0,-0.842,23:50:30,-3.295,08:37:10,-0.939,23:59:50,-1.921,10:19:10,12.57,,6.458,23:44:00,283.6,1.248,0.701645,1.07098
hot02,2020-01-21,-0.677,1.708,12:23:30,-2.177,05:36:50,0.526,0.979,19:53:50,0.614,00:57:00,2.981,154.5,7.62,-0.529,23:59:30,-0.904,04:23:10,-0.611,23:59:20,-0.941,00:00:40,12.45,,4.43,00:22:00,274.2,0.812557,0.0876978,0.446194
hot02,2020-01-22,-1.08,1.377,12:54:40,-2.31,05:27:50,0.539,0.979,10:04:00,0.877,15:46:10,5.24,117,1.778,-0.353,23:58:50,-0.53,00:00:10,-0.402,23:59:20,-0.612,00:03:00,12.62,,3.94,14:10:00,275,0.54994,0.2865,0.551682
hot02,2020-01-23,0.221,4.997,13:32:00,-1.52,07:13:00,0.55,0.967,07:48:40,0.665,13:33:50,7.029,76.16,0,-0.109,23:46:20,-0.354,00:00:50,-0.068,23:56:40,-0.404,00:01:40,12.62,,3.381,15:30:00,255.8,0.825684,0.423794,0.732904
hot02,2020-01-24,-0.164,4.547,12:15:30,-2.178,03:35:30,0.54,0.983,08:13:20,0.62,12:16:20,7.333,134,0,-0.108,15:58:40,-0.114,09:25:00,-0.065,16:41:00,-0.073,09:34:00,12.6,,5.018,16:10:00,287.2,1.01437,0.655599,0.860183
hot02,2020-01-25,-0.758,3.247,14:04:20,-2.965,19:17:50,0.532,0.978,06:10:00,0.752,13:33:20,6.201,132.3,0,-0.108,18:41:50,-0.112,08:24:50,-0.066,00:01:20,-0.071,11:39:10,12.6,,4.969,15:33:00,245.5,0.777629,0.619102,0.653261
hot02,2020-01-26,0.487,7.367,15:24:30,-3.559,05:14:20,0.492,0.933,00:01:20,0.485,15:34:20,9.25,121.7,0,-0.109,17:04:40,-0.114,09:03:20,-0.067,16:01:20,-0.072,06:43:30,12.59,,3.499,16:11:00,257.2,1.37269,0.862301,1.18644
hot02,2020-01-27,-1.465,1.587,15:29:10,-4.414,23:57:20,0.505,0.969,08:46:40,0.798,15:31:50,4.361,140.5,5.08,-0.11,00:30:20,-0.114,19:43:10,-0.066,23:23:10,-0.07,01:15:20,12.48,,5.547,10:56:00,279.7,0.660274,0.556895,0.387912
hot02,2020-01-28,-3.53,1.453,13:37:30,-5.929,22:13:40,0.373,0.907,00:10:20,0.573,13:38:30,9.93,136.9,0.254,-0.111,22:12:40,-0.114,08:07:50,-0.024,23:59:30,-0.068,00:02:40,12.54,,4.792,02:51:00,19.66,1.0613,0.95214,1.04787
hot02,2020-01-29,-2.646,3.476,15:32:50,-6.194,23:38:40,0.399,0.908,06:07:20,0.6,15:34:20,10.61,153.2,0,-0.11,20:40:50,-0.115,11:51:30,0.024,23:57:40,-0.026,00:07:00,12.58,,4.694,11:48:00,275,1.17232,0.96842,1.10921
hot02,2020-01-30,-2.959,2.235,14:55:40,-7.046,23:22:40,0.376,0.893,21:05:50,0.569,14:53:30,6.873,147.9,0,-0.11,00:02:40,-0.116,14:04:20,0.075,23:59:20,0.023,00:00:10,12.55,,5.047,13:14:00,272.6,1.1016,0.773621,0.929336
hot02,2020-01-31,-3.752,4.472,15:47:40,-9.42,07:36:00,0.307,0.893,00:18:00,0.399,15:42:00,8.5,146.5,0,-0.112,00:02:30,-0.122,19:12:10,0.123,23:49:10,0.073,00:00:50,12.57,,4.479,09:05:00,92.2,1.49976,1.02292,1.24763
hot02,2020-02-01,-1.687,7.824,14:55:50,-7.705,05:47:40,0.364,0.839,07:56:20,0.38,14:56:30,9.19,130.7,0,-0.119,00:08:40,-0.145,12:03:50,0.164,00:00:00,0.122,00:00:50,12.57,,4.175,13:09:00,267.2,1.72569,0.993134,1.30392
